Identifier,log(I),rI,log(e),pI,Mr (kDa),Description
XP_010064035.1,5.21,168,-440.8,8.93,21.6,
XP_010028333.1,4.78,72,-324.3,5.57,34.9,
ADO23597.1,4.88,98,-296.3,5.29,53.7,no description available
XP_010033105.1,4.93,80,-270.7,6.08,51.3,
ADO23598.1,5.02,122,-266.1,6.04,52.7,no description available
XP_010033106.1,4.93,82,-263.3,6.84,47.7,
sp|K2C1_HUMAN|,4.72,50,-227.6,8.16,65.8," Keratin, type II cytoskeletal 1; 67 kDa cytokeratin; Cytokeratin-1; CK-1; Hair alpha protein; Keratin-1; K1; Type-II keratin Kb1; "
XP_010061172.1,4.6,49,-216,6.88,57.2,
XP_010060861.1,4.48,35,-209.8,8.74,50.1,
XP_010032381.1,4.84,58,-204.3,5.52,51.8,
sp|K1C10_HUMAN|,4.6,37,-184.8,5.13,59.5," Keratin, type I cytoskeletal 10; Cytokeratin-10; CK-10; Keratin-10; K10; "
XP_010043318.1,4.4,24,-182.5,9.87,15,
XP_010056673.1,4.7,58,-177.3,8.8,37,
XP_018731449.1,4.54,39,-173,6.88,57.1,
XP_010054080.1,4.42,32,-171.9,8.29,28,
XP_018718395.1,4.62,54,-170.7,6.52,29.3,
XP_010045401.1,4.43,31,-159.8,9.45,34.5,
XP_010061201.1,4.43,32,-153.3,7.09,48.2,
XP_010042031.1,4.29,23,-151.5,5.26,38.3,
XP_010056879.1,4.36,31,-142.6,5.29,28.2,
XP_010031113.1,4.37,27,-140.3,9.01,35.3,
XP_010043499.1,4.63,39,-135.2,5.94,47.8,
XP_010028899.1,4.48,34,-131.1,8.45,42.8,
XP_010028648.1,4.41,30,-128.6,8.13,43,
ADO23578.1,4.36,31,-127.9,5.15,55.5,no description available
XP_010032358.1,4.28,25,-127.2,9.37,42.4,
XP_010066215.1,4.33,27,-120,8.13,42.9,
XP_010052095.1,4.18,21,-118.3,5.28,28,
XP_010024778.1,4.23,21,-117.2,9.17,84.9,
XP_010045407.1,4.23,22,-116.6,9.51,34.6,
XP_010044150.1,4.24,23,-116.1,6,59.6,
XP_010053907.1,4.32,23,-115.1,6.29,80.2,
XP_010060801.1,4.28,20,-114.7,9.24,40.7,
ADO23602.1,4.31,26,-110.3,8.65,35.2,no description available
XP_010049517.1,4.13,17,-102.9,6.02,21.7,
XP_010056683.1,4.55,41,-102,8.94,37,
XP_018728402.1,4.07,15,-100.7,5.29,28.2,
XP_010056208.1,4.35,26,-99.5,6.52,45.2,
XP_010032637.1,4.4,41,-99.1,9.1,20.2,
KCW82145.1,4.05,17,-99,5.68,19.8,no description available
XP_010036983.1,4.1,16,-97.5,5.43,39.4,
XP_010028214.1,4.25,20,-94.5,9.11,55.3,
XP_010063132.2,4.3,24,-94.1,6.77,56.8,
XP_018727808.1,4.26,17,-93.5,8.52,24.2,
XP_010066256.1,4.47,34,-90.2,8.7,18,
XP_010027978.1,4.03,13,-86.3,8.77,57.1,
XP_010024640.1,4.19,15,-86.2,8.4,24.1,
XP_010042063.1,3.95,12,-86,8.95,44.4,
XP_010023477.1,4.14,15,-85,6.57,53.4,
KCW73991.1,4.13,15,-85,9,34.5,
XP_010045047.1,3.89,12,-84.6,8.15,44.1,
sp|K1C9_HUMAN|,4.21,16,-82.6,5.19,62.1," Keratin, type I cytoskeletal 9; Cytokeratin-9; CK-9; Keratin-9; K9; "
XP_010051417.1,4.2,20,-82.5,5.03,17.2,
XP_010063732.1,4.12,16,-81.4,5.73,30.3,
sp|TRYP_PIG|,4.43,33,-77.4,6.85,24.4, Trypsin; EC 3.4.21.4; Flags: Precursor; 
XP_010028184.1,4.07,13,-76.6,8.27,58.2,
XP_010033508.2,4.02,12,-75.2,5.63,113.6,
XP_010044926.1,3.99,9,-71.9,5.59,64.4,
KCW48359.1,3.98,10,-71,7.57,37.7,
XP_018720581.1,4,11,-68.9,6.41,101.9,
XP_010057920.1,4.17,14,-68,6.12,40.8,
XP_010045878.1,3.99,15,-67.9,5.46,28.6,
XP_010061415.1,4.14,12,-67.3,6.78,38.2,
XP_010030961.1,3.95,8,-64.4,6.13,27.2,
XP_010030182.1,3.99,8,-63.5,5.45,76,
XP_010030714.1,4.12,17,-62.6,5.46,44.9,
XP_010024830.1,3.8,10,-61.6,7.23,53.3,
XP_018732456.1,4,13,-61.6,8.48,48.1,
XP_010029673.1,4.21,16,-61.3,8.77,40.8,
XP_010062276.1,4.03,14,-61.1,5.78,39.2,
XP_010045506.1,4.35,19,-60.6,8.75,28.2,
XP_010030704.1,3.99,14,-59,5.45,45,
XP_010037701.1,4.14,16,-58.4,5.48,30.9,
ADO23614.1,4.14,15,-58.3,6.54,56,no description available
XP_010035276.1,4.05,14,-58.3,9.68,24.5,
XP_010033217.1,4.04,12,-58,8.78,29.3,
XP_018717674.1,3.65,7,-57.8,9.44,30.1,
XP_010051063.1,4,11,-57.3,4.93,17.2,
XP_010068510.2,4.22,17,-57.3,6.55,22.5,
XP_010043250.1,3.97,8,-57,7.7,30.9,
XP_010030657.1,3.95,12,-56.2,8.41,32.2,
XP_010049196.1,3.79,8,-55.4,6.44,114.4,
XP_010044046.1,3.93,11,-54.7,5.25,44.6,
XP_010030977.1,4.13,12,-53.9,5.16,71.1,
XP_010024151.1,4.01,9,-52.8,8.78,42.5,
XP_010030975.1,4.06,11,-52.3,5.13,71.2,
XP_010036097.1,3.98,13,-52.1,8.67,29.2,
XP_010053313.1,3.86,8,-51.5,8.63,24.2,
XP_010049816.1,3.82,8,-50.7,8.05,38.4,
XP_010048942.1,3.77,7,-50.5,8.72,35.6,
XP_010065272.1,3.84,6,-50.2,5.5,75.8,
ADO23586.1,4.15,17,-50.1,5.33,39.5,no description available
XP_010040215.1,3.85,7,-49.6,8.34,28.8,
XP_010027699.1,3.73,7,-49.3,5.31,41.7,
XP_010029375.1,3.97,10,-49.2,8.48,29.4,
XP_010067525.1,3.86,12,-49.2,5.85,30.3,
XP_010028715.1,3.75,6,-47.9,8.76,81.2,
XP_010024340.1,3.86,9,-47.8,6.13,76,
XP_018717197.1,4.08,15,-47.3,8.47,37.4,
XP_010052458.1,3.77,8,-47.3,9.66,24.6,
KCW45190.1,3.9,8,-47.1,6.52,22.2,
XP_018724280.1,3.67,5,-46.9,8.6,56.7,
XP_010070215.1,3.79,8,-46.7,7.16,43.6,
XP_010035773.1,3.77,6,-46,9.82,41.4,
XP_010068511.2,4.07,13,-45,5.87,47.1,
XP_010030046.1,3.78,7,-43.9,9.07,32.4,
XP_010064085.1,3.63,7,-42,5.82,42.2,
XP_010053426.1,3.88,7,-41.5,5.85,65.1,
XP_010050038.1,3.91,7,-41,5.32,47.7,
XP_018716770.1,3.79,6,-40.6,6.03,111.1,
KCW69449.1,3.62,5,-40.6,5.89,48.3,
XP_010047753.1,3.63,5,-40.5,9.6,36.6,
XP_010032227.1,3.71,9,-40.5,9.15,49.3,
XP_010025353.1,3.91,9,-40.2,7.02,36.6,
XP_010046344.2,4.01,11,-40.2,6.97,19.3,
XP_018732053.1,3.73,6,-40,8.66,26.5,
XP_010033712.1,3.83,8,-39.6,8.91,29,
XP_010055809.1,3.85,7,-39.6,8.69,21.1,
XP_010066382.2,3.76,6,-39.1,7.59,27.5,
ADO23590.1,3.71,7,-38.7,6.58,82.4,no description available
XP_010053434.1,3.53,3,-38.1,5.95,31.2,
XP_018721224.1,3.72,5,-37.9,8.54,49,
ADO23574.1,4.06,10,-37.8,5.13,38.9,no description available
XP_010063308.1,3.9,8,-37.6,8.99,24.6,
XP_018715447.1,3.48,4,-37.1,8.87,23.3,
XP_010063287.1,4.05,10,-36.9,4.96,17,
XP_010045302.1,3.71,5,-36.8,6.09,22.3,
XP_010032010.1,3.76,7,-36.6,6.93,92,
KCW75160.1,3.72,7,-36.3,5.81,47.1,
XP_018730827.1,3.62,5,-35.9,5.26,26.5,
sp|K22E_HUMAN|,4.01,12,-35.7,8.07,65.8," Keratin, type II cytoskeletal 2 epidermal; Cytokeratin-2e; CK-2e; Epithelial keratin-2e; Keratin-2 epidermis; Keratin-2e; K2e; Type-II keratin Kb2; "
ADO23587.1,4.15,16,-35.5,6.68,51.8,no description available
XP_010033826.1,3.97,9,-35.4,9.07,29,
XP_010032130.1,3.47,4,-35.3,6.43,47.8,
KCW87464.1,3.8,5,-34,6.09,22.4,
XP_010037503.1,3.96,9,-34,6.12,53.3,
XP_010031710.1,3.72,5,-34,5.95,57.5,
XP_010059895.1,3.52,5,-33.5,5.63,51.8,
XP_018724639.1,3.65,5,-33.3,7.9,42.5,
KCW56875.1,3.71,6,-33.1,9.14,27.8,
XP_010032621.1,3.65,6,-33,9.15,58.4,
XP_010069596.1,3.71,6,-32.4,4.65,16.5,
XP_010047451.1,3.64,5,-32.3,9.68,23.3,
XP_010030656.1,3.68,4,-32.2,9.38,35.7,
XP_010047334.1,3.58,5,-32,6.74,114.5,
XP_010058569.1,3.72,6,-31.2,9.82,22.9,
XP_010053589.1,3.9,10,-31.2,5.04,17.3,
XP_010025755.2,4.04,10,-30.2,6.86,82.1,
XP_010067818.1,3.65,5,-29.8,9.46,41.2,
XP_010060660.1,3.98,9,-29.6,6.72,76.4,
XP_018732593.1,3.46,4,-29.5,7.02,39.8,
sp|ALBU_BOVIN|,3.79,6,-29.1,5.82,69.2, Serum albumin; BSA; Bos d 6; Flags: Precursor; 
XP_010026741.1,3.87,8,-29,6.34,36.7,
XP_010068989.1,3.59,6,-29,9.07,22.6,
XP_010033825.1,3.89,8,-28.9,9,29.5,
XP_010059812.1,3.51,4,-28.7,6.88,50.8,
XP_010063241.1,3.54,3,-28.6,4.94,80.5,
XP_010065527.1,3.6,5,-28.5,6.23,84.2,
ADO23638.1,3.47,6,-28.5,6.67,9,no description available
XP_018727805.1,3.87,8,-28.3,7.36,26.2,
XP_010069685.1,3.45,3,-28.3,9.82,14.4,
NP_001289666.1,3.73,6,-28.3,4.74,50.2,
XP_010032055.1,3.98,10,-28.2,6.08,27.3,
XP_010048829.1,3.68,6,-28.1,7.87,53.1,
XP_010063935.1,3.66,6,-27.9,5.82,78.7,
XP_010028734.1,3.62,6,-27.5,6.56,42.2,
XP_010032881.1,3.64,4,-27.3,7.92,20.9,
XP_010067346.1,3.33,3,-27.1,5.25,56.7,
XP_010035248.1,3.53,7,-27.1,9.73,23.2,
XP_018730247.1,3.5,4,-26.9,5.6,48,
XP_010032608.1,3.59,4,-26.7,9.32,58.7,
XP_010043791.1,3.83,6,-26.7,5.16,61.2,
XP_010038001.1,3.55,4,-26.6,9.65,13.7,
XP_010052791.1,3.79,7,-26.6,6.84,16.2,
XP_010067582.1,3.65,6,-26.5,9.49,34.5,
XP_010038191.1,3.65,4,-25.6,8.31,31.8,
XP_010023565.1,3.75,4,-25.2,9.17,41.8,
XP_018723538.1,3.66,5,-25,9.24,56.2,
XP_010031355.1,3.39,3,-24.8,6.8,46.5,
XP_010065001.1,3.44,4,-24.5,6.19,28.1,
XP_010047472.1,3.77,7,-24.3,6.75,37.6,
XP_010047845.1,3.54,4,-24.1,4.93,80.2,
XP_010052188.1,4.18,14,-23.8,4.87,57.4,
XP_010056019.1,3.73,5,-23.8,6.31,16.7,
XP_010061927.1,3.62,4,-23.5,5.47,14.3,
XP_018732437.1,3.81,8,-23.5,5.16,43.9,
NP_001289662.1,3.51,5,-23.3,4.74,50.4,
XP_010045025.1,3.38,6,-23.2,9.55,11.7,
XP_010042449.2,3.51,4,-23,5.45,22.3,
XP_010062123.1,3.57,3,-23,6.1,37.2,
XP_010067611.1,3.6,4,-22.8,7.83,25.6,
XP_010035290.1,3.58,4,-22.5,8.62,25.5,
XP_010028719.1,3.4,3,-22.5,6.67,31.5,
XP_010028812.1,3.53,6,-22.4,8.67,35.7,
XP_010044646.1,3.46,3,-22.4,6.88,59,
XP_018720664.1,3.42,3,-22.3,5.99,114.2,
XP_010062928.1,3.48,3,-22.3,6.09,21.9,
XP_010047430.1,3.35,3,-22.3,7.97,57.1,
XP_010041726.1,3.37,3,-22.2,8.71,35.5,
XP_010033713.2,3.65,5,-22.2,9.25,32.1,
XP_010060252.1,3.61,4,-22.1,10.44,25,
XP_018732861.1,3.77,6,-21.9,6.13,63.7,
XP_010056113.1,3.65,4,-21.8,6.3,177.8,
XP_018718273.1,3.52,5,-21.3,6.46,54.5,
XP_010063408.1,3.24,3,-21.2,8.13,44.9,
XP_010055036.2,3.4,3,-21,7.24,98,
XP_010066265.1,3.79,5,-20.7,6.29,18.8,
XP_010067511.1,3.4,3,-20.6,5.04,34.3,
XP_010031259.1,3.81,7,-20.6,6.55,42,
XP_010036664.1,3.78,6,-20.6,9.94,14.7,
XP_010051873.1,3.34,3,-20.6,8.38,60.4,
XP_010039555.1,3.51,3,-20.4,4.34,49.1,
XP_010066951.1,3.62,4,-20.1,7.02,29.6,
XP_010063513.1,3.43,3,-20,9.14,39.8,
XP_018720975.1,3.4,3,-19.9,6.54,58.2,
XP_010055401.1,3.47,4,-19.9,5.69,33.6,
XP_010037848.1,3.68,4,-19.7,11.48,11.4,
XP_010037749.1,3.59,4,-19.7,7.59,86.5,
XP_010069076.1,3.3,3,-19.4,8.44,48.5,
XP_010055735.1,3.52,4,-19.4,4.46,29.4,
XP_010069812.1,3.18,3,-19.3,4.81,93.7,
XP_010035998.1,3.26,2,-19.2,9.3,11.7,
XP_018732006.1,3.4,3,-19.2,6.17,44.2,
XP_010023650.1,3.54,4,-19.1,6.1,53.1,
XP_010028689.1,3.6,3,-19,6.95,33.5,
XP_010044902.1,3.46,3,-19,4.75,61.3,
XP_010028398.1,3.31,2,-18.9,5.74,93.5,
KCW51659.1,3.3,3,-18.8,5.15,26.9,
XP_010069958.1,3.29,3,-18.7,5.77,23.8,
XP_010063754.1,3.3,3,-18.4,4.7,67.9,
XP_010041422.1,3.42,3,-18.1,7.08,47.9,
XP_010062003.1,3.6,3,-18,9.66,24.5,
XP_010029333.1,3.54,3,-17.9,5.57,99.8,
XP_010037573.1,3.56,3,-17.7,7.17,58.9,
XP_010063599.1,3.33,3,-17.5,5.15,71.7,
XP_010023548.1,3.44,3,-17.5,5.23,64.1,
XP_010057104.1,3.83,7,-17.2,5.54,57.5,
XP_010044556.1,3.65,4,-17.1,8.52,42.6,
XP_010060846.1,3.32,2,-16.8,5.86,93.9,
XP_010040396.2,3.44,3,-16.6,6.01,59.3,
XP_010024759.1,3.19,3,-16.6,5.14,17.7,
KCW82050.1,3.34,3,-16.5,5.37,46.6,
XP_010061864.1,3.25,2,-16.4,9.16,27.3,
XP_010042296.1,3.5,3,-16.3,10.11,15.8,
XP_010044555.1,3.56,4,-16.2,8.5,42.6,
XP_018724396.1,3.65,6,-16.2,5.38,26.9,
XP_010030181.1,3.52,3,-15.9,8.87,29.7,
XP_018726917.1,3.51,3,-15.8,8.89,26.8,
XP_010045486.1,3.14,2,-15.7,6.83,22.9,
XP_010066465.1,3,2,-15.7,6.32,80.6,
XP_010057419.1,3.24,2,-15.7,10.56,17.6,
XP_010026673.1,3.38,3,-15.6,6.97,26.5,
XP_018722607.1,3.47,3,-15.5,6.5,23.9,
XP_010037256.1,3.58,4,-15.4,6.25,41.9,
KCW60586.1,3.43,4,-15.4,8.38,38.2,
XP_010028113.1,3.53,3,-15.4,9.17,35.8,
XP_010045109.1,3.72,4,-15.3,6.33,27.3,
XP_010060532.1,3.61,2,-15.1,9.12,43.1,
XP_018731179.1,3.47,3,-15.1,5.35,82.7,
XP_010028919.1,3.16,3,-15.1,9.1,9.6,
XP_010051031.1,3.49,3,-15,9.95,25.1,
XP_010063836.1,3.67,5,-15,5.28,38.4,
XP_018724546.1,3.35,2,-14.7,5.55,63.4,
XP_010024762.1,3.29,3,-14.6,5.56,17.6,
XP_010065599.1,3.49,5,-14.4,6.75,27.4,
XP_010041869.1,2.88,2,-14.4,6.07,29.9,
XP_010039946.1,3.45,3,-14.2,4.98,47.4,
XP_018726011.1,3.33,2,-14,4.67,131.2,
XP_010047106.1,3.17,4,-13.9,6.63,59.7,
XP_010029484.1,3.42,2,-13.7,5.1,34,
XP_010029522.1,3.58,4,-13.6,5.29,104.7,
sp|K1C15_SHEEP|,3.76,5,-13.5,4.73,48.7," Keratin, type I cytoskeletal 15; Cytokeratin-15; CK-15; Keratin-15; K15; "
XP_010038690.1,3.4,2,-13.4,9.49,38.4,
XP_010066154.1,3.07,2,-13.4,7.81,16.8,
XP_010043043.1,3.27,2,-13.3,11.14,21,
XP_010030201.1,3.09,2,-13,6.32,47.5,
XP_010048107.1,3.45,3,-12.8,7.2,44.6,
XP_018721521.1,3.32,3,-12.8,8.88,43.2,
XP_018721168.1,3.37,3,-12.8,9.18,67.1,
XP_010043997.1,2.88,2,-12.7,6.17,35.7,
XP_010048379.1,3.34,2,-12.7,8.78,35.1,
XP_010067406.1,3.3,3,-12.6,5.37,41.7,
XP_010026792.1,3.52,2,-12.6,8.69,42.1,
XP_010069156.1,3.43,3,-12.5,10.44,17.2,
XP_018717540.1,3.16,2,-12.4,5.79,41.9,
sp|ALDOA_RABIT|,3.41,2,-12.3,8.31,38.8, Fructose-bisphosphate aldolase A; EC 4.1.2.13; Muscle-type aldolase; 
XP_018726916.1,3.28,2,-12.1,8.99,32.7,
XP_010058943.1,3.28,2,-12.1,4.75,16.1,
XP_010067882.1,3.46,2,-12,6.42,32.7,
XP_010032852.1,3.49,3,-11.9,5.47,37.6,
XP_010066729.1,3.38,3,-11.9,5.93,102.2,
XP_010055873.1,3.52,5,-11.8,6.01,51.8,
XP_010035421.1,3.51,3,-11.8,6.73,20.8,
XP_018721531.1,3.18,2,-11.7,9.27,34.3,
XP_010028902.1,3.55,3,-11.7,9.13,20.1,
XP_010033863.1,3.25,3,-11.7,9.95,15,
XP_010024952.1,3.01,2,-11.6,10.39,22.4,
XP_018732042.1,3.63,3,-11.5,6.78,15.7,
XP_010033473.1,3.49,3,-11.2,10.9,28.1,
XP_018716398.1,3.27,2,-11.1,6.81,23.8,
XP_018724823.1,3.1,2,-11.1,8.41,26.3,
XP_018718394.1,3.42,2,-11.1,6.39,46.3,
XP_010066718.1,3.26,2,-11,11.05,28.9,
XP_010052858.1,3.3,2,-10.9,5.27,32.3,
XP_018718229.1,3.18,2,-10.9,5.82,52.5,
XP_010029203.1,3.14,2,-10.9,5.04,50.1,
XP_010047689.1,3.35,2,-10.8,6.79,64,
XP_018727791.1,3.24,2,-10.8,5.27,99.9,
XP_010052888.1,3.12,2,-10.7,5.93,74.1,
XP_010061009.1,3.38,4,-10.6,5.5,39.9,
XP_010056136.1,3.29,2,-10.6,8.89,43.8,
XP_010047486.1,3.42,2,-10.5,8.86,43.5,
XP_010069833.1,3.28,2,-10.5,7.7,32.5,
KCW57488.1,3.15,2,-10.4,6.45,28.5,no description available
XP_018726677.1,3.32,2,-10.3,8.92,50.6,
XP_010066294.1,3.18,2,-10.3,5.04,54.4,
XP_010038421.1,3.47,3,-10.3,4.93,33.6,
XP_010061963.1,3.38,2,-10.2,5.35,43.5,
XP_018733146.1,3.31,2,-10.1,8.46,51.6,
XP_010037333.1,3.28,2,-10.1,9.41,46.2,
XP_010062858.1,3.36,2,-10.1,5.88,56.9,
XP_018726723.1,3.2,2,-10.1,8.25,27.5,
XP_010063618.1,3.16,2,-10,6.86,33.4,
XP_018729134.1,3.26,2,-10,7.8,18.6,
XP_010061298.1,3.54,3,-10,6.09,29.6,
XP_010031496.1,2.8,1,-10,8.12,43.3,
XP_010036197.1,3.49,3,-9.8,8.84,27.8,
XP_010058177.1,3.45,3,-9.8,5.46,33.8,
XP_010025114.1,3.2,2,-9.8,5.76,15.2,
XP_018725118.1,3.33,2,-9.8,6.59,15.2,
XP_010029385.1,3.13,1,-9.8,5.07,24.4,
XP_010031640.1,3.44,3,-9.7,9.61,12.3,
XP_010064077.1,2.59,1,-9.6,7.77,41.1,
XP_010023934.1,3.25,3,-9.6,6.6,35.6,
XP_010067124.1,3.41,2,-9.6,6.2,16.6,
XP_010044409.1,3.57,3,-9.6,5.22,60.4,
XP_018719759.1,3.28,2,-9.6,6.35,88.4,
XP_010028788.1,3.54,3,-9.6,6.06,28.2,
XP_010053641.1,3.21,2,-9.5,5.1,31.2,
XP_010037305.1,3.27,4,-9.5,7.67,30,
XP_010023918.1,3.23,2,-9.5,10.37,15.5,
XP_018722097.1,3.31,2,-9.4,5.89,37.4,
XP_010059918.1,3.04,2,-9.4,5.7,82,
XP_010030753.1,3.28,2,-9.4,9.34,19.1,
XP_010069867.1,2.85,1,-9.3,8.39,83.2,
XP_010046987.1,3.26,2,-9.3,8.77,29.2,
XP_010025734.1,3.44,2,-9.3,8.46,47.6,
XP_010067428.1,3.5,2,-9.3,6.04,107.2,
XP_010041954.1,3.7,6,-9.2,5.64,15.3,
XP_010060049.1,2.97,2,-9.1,5.8,30.6,
XP_010031680.1,3.45,3,-9.1,4.7,23.8,
sp|RS27A_HUMAN|,2.95,2,-9.1,9.68,18, Ubiquitin-40S ribosomal protein S27a; Ubiquitin carboxyl extension protein 80; Contains: Ubiquitin; Contains: 40S ribosomal protein S27a; Small ribosomal subunit protein eS31 {ECO:0000303|PubMed:24524803}; Flags: Precursor; 
XP_010038272.1,3.5,2,-9.1,5.47,39,
XP_010060040.1,3.47,3,-9,10.71,28.2,
XP_010033665.1,3.53,2,-8.9,4.92,34,
XP_010033258.1,2.77,1,-8.9,4.75,21.2,
XP_018723897.1,3.46,2,-8.7,5.64,34.6,
XP_010069044.1,3.36,2,-8.6,5.29,109.7,
XP_018727807.1,3.73,4,-8.6,4.68,24.3,
XP_010028489.1,3.39,2,-8.5,5.88,33.1,
XP_010053364.1,3.32,2,-8.5,4.96,36.9,
XP_010055874.1,3.13,2,-8.5,6.16,38,
XP_010045666.1,3.07,1,-8.4,5.3,54.7,
XP_010037684.1,2.76,1,-8.3,10.28,29.9,
XP_018729627.1,3.41,3,-8.2,9.49,30.4,
XP_010024115.1,3.4,2,-8.2,5.21,58.7,
XP_010052072.1,2.61,1,-8.1,9.88,36.2,
XP_010070156.1,3.26,2,-8.1,5.35,47.1,
KCW85263.1,3.48,2,-8.1,5.81,25.6,
KCW81296.1,3.36,2,-8,10,35.1,
XP_018717371.1,3.19,2,-8,6.01,45.2,
XP_010029774.1,2.77,1,-8,5.98,24,
XP_010023801.1,3.34,2,-7.9,6.33,27.4,
XP_010049664.1,3.15,2,-7.9,5.55,17.3,
XP_010060424.1,3.01,1,-7.9,6.67,38.2,
XP_018718887.1:reversed,3,2,-7.9,8.83,55.5,
XP_018721153.1,3.31,2,-7.9,6.25,69.2,
XP_010069219.1,3.34,3,-7.9,7.01,39.5,
XP_010034959.1,3.3,2,-7.8,9.67,28.5,
sp|PRDX1_HUMAN|,3.21,2,-7.8,8.27,22.1, Peroxiredoxin-1; EC 1.11.1.15; Natural killer cell-enhancing factor A; NKEF-A; Proliferation-associated gene protein; PAG; Thioredoxin peroxidase 2; Thioredoxin-dependent peroxide reductase 2; 
XP_010055609.1,3.1,2,-7.8,4.72,24.4,
XP_010024738.1,3.15,2,-7.7,4.99,17.6,
XP_010047476.1,2.7,1,-7.7,6.46,39.4,
XP_010054663.1,3.18,2,-7.7,4.97,49.8,
XP_010054140.1,2.83,1,-7.7,6.28,41,
XP_010062976.2,3.35,3,-7.6,9.29,60.9,
XP_010037499.1,2.84,1,-7.6,5.12,32.7,
XP_010032071.1,3.34,2,-7.6,5.2,32.2,
XP_018728580.1,3.37,2,-7.6,8.8,17.8,
XP_010023554.1,3.33,2,-7.5,5.31,54,
XP_010051354.1:reversed,3.3,2,-7.5,8.24,93.9,
XP_018733076.1,2.97,1,-7.5,5.35,53.2,
XP_018715831.1,3.26,2,-7.5,5.34,36.3,
XP_010029144.1,3.11,1,-7.5,6.06,11.1,
XP_010044940.1,3.49,2,-7.4,4.89,49.5,
XP_010067574.1,3.17,2,-7.4,5.08,32.8,
XP_010062470.1,3.14,2,-7.4,5.23,23.2,
XP_010070032.2,3.14,2,-7.4,5.62,54.7,
XP_018724365.1,3.38,2,-7.3,8.69,55.1,
XP_018725169.1,3.2,2,-7.3,9.58,62.1,
XP_010029741.1,3.45,2,-7.2,9.44,36.7,
XP_010060582.1,3.35,2,-7.2,4.86,32.1,
XP_010060854.1:reversed,3.34,2,-7.1,5.34,135.6,
XP_010041840.1,3.25,2,-7.1,5.86,39.4,
XP_010042548.1,3.03,1,-7.1,6.91,27.1,
XP_010065396.1,3.26,2,-7.1,5.42,50,
XP_010029889.1,3.3,2,-7.1,9.32,51.3,
XP_018718646.1,3.33,2,-7,9.41,56.3,
XP_010056201.1,3.21,1,-7,5.94,35.1,
XP_010052295.1,2.96,1,-7,9.83,32.9,
XP_010057233.1,3.36,2,-7,10.26,29.8,
XP_010028338.1,2.98,2,-7,4.98,53.5,
XP_018718476.1,3.3,3,-7,5.97,41.2,
XP_010035847.1,2.98,1,-7,6.81,63.1,
XP_010062951.1,3.37,2,-7,9.81,21.1,
ADO23591.1,3.24,2,-6.9,6.67,83.1,no description available
XP_018721262.1,3.23,2,-6.9,4.75,44.3,
XP_010033612.1,2.69,1,-6.9,9.47,47,
XP_018732926.1,3.16,1,-6.9,4.96,120.6,
XP_010044352.1,2.96,1,-6.8,4.91,90.5,
XP_010042849.1,3.02,1,-6.8,4.78,33.7,
XP_018715119.1:reversed,3.55,2,-6.7,5.04,156.2,
XP_010049669.1,3.35,2,-6.7,5.04,34.7,
XP_010047424.1,3.35,2,-6.7,5.95,62.3,
XP_010066035.1,2.9,1,-6.6,5.44,35.9,
XP_010037164.1,3.14,2,-6.6,10.32,23,
XP_010037205.1,3.09,2,-6.5,8.63,60,
XP_010058306.2,3.57,2,-6.4,5.94,45.8,
XP_010038395.1,2.95,1,-6.4,5.85,50.9,
XP_018720755.1,3.29,2,-6.4,6.16,90,
XP_010041624.1,3.28,2,-6.3,9.55,75.6,
XP_018728936.1,3.49,3,-6.2,4.95,31.6,
XP_010058812.1,2.81,1,-6.1,5.8,47.4,
XP_010035489.1,3.26,2,-6.1,6.23,50.3,
XP_010024019.1,2.68,1,-6.1,5.31,52.2,
XP_018726614.1:reversed,3.48,2,-6,5.99,226.1,
XP_018719658.1:reversed,3.37,2,-6,5.85,145.4,
XP_010049597.1,2.85,1,-6,5.81,54.5,
XP_018732431.1,2.93,1,-6,6.91,15,
XP_010034932.1,2.96,1,-6,5.85,41.1,
XP_010031688.1,2.68,1,-5.9,5.87,11.2,
XP_010041573.2,3,2,-5.7,5.89,51.3,
XP_010028730.1,2.85,1,-5.7,9.21,17.4,
XP_010061103.1,2.89,1,-5.6,6.5,25.9,
XP_010058059.1,3.37,2,-5.6,8.79,41.5,
XP_010061754.1,3.36,2,-5.6,4.98,47.6,
XP_010036769.1,3,1,-5.4,9.25,51.5,
XP_010041326.1,2.92,1,-5.4,5.75,53.1,
XP_018724266.1,2.73,1,-5.3,8.83,12.5,
XP_010066468.1,3.03,1,-5.3,6.91,47.9,
XP_010060696.1,3.31,1,-5.3,9.52,34.1,
XP_010054127.1,2.53,1,-5.3,9.77,30.2,
XP_010066116.1,3.03,1,-5.3,5.48,45.4,
ADO23624.1,3.11,1,-5.3,9.13,13.6,
XP_010043884.1,3.07,1,-5.2,8.93,8.6,
XP_010031094.1,3.1,1,-5.2,10.94,14.9,
XP_010067669.1,3.09,1,-5.2,4.38,21.9,
XP_010025021.1,2.72,1,-5.2,6.04,42.5,
XP_010030127.1,3.68,3,-5.2,4.4,15.5,
XP_010028097.1,2.47,1,-5.1,10.79,16.7,
XP_010061512.1,2.81,1,-5.1,4.78,28.3,
XP_018727840.1,3.01,1,-5.1,6.6,70.5,
sp|CATD_HUMAN|,2.95,1,-5,6.11,44.5,
XP_010025154.1,2.96,1,-5,7.64,32,
XP_010067637.1,2.99,1,-5,9.22,37.4,
XP_010043430.1,2.67,1,-4.9,9.15,21.7,
XP_010053326.1,2.83,1,-4.8,10.72,18.5,
XP_010033959.1,3.08,1,-4.8,7.52,19.1,
XP_010033976.1,3.26,1,-4.8,8.55,42.4,
XP_010025232.1,2.64,1,-4.8,8.94,35.7,
XP_010046122.1,2.76,1,-4.8,8.51,41.8,
XP_010026912.1,3.08,1,-4.7,6.52,21.2,
XP_010025489.1,2.77,1,-4.6,5.58,56.3,
XP_010047138.1,3.05,1,-4.5,6.64,21.4,
XP_010035623.1,2.98,1,-4.5,5.59,66.6,
XP_010057273.1,3.27,2,-4.5,5.69,82.5,
XP_010059663.2,3.48,3,-4.5,6.2,65.2,
XP_010023346.1,3.34,2,-4.5,4.95,59.5,
XP_018732255.1,3.06,1,-4.4,5.31,27.2,
XP_010037445.1,2.7,1,-4.4,9.49,14.2,
XP_010070035.1,2.59,1,-4.4,6.13,28.1,
XP_010060558.1,2.84,1,-4.3,6.92,61.3,
XP_018733071.1,2.96,1,-4.3,5.33,53.4,
XP_010054231.2,3.01,1,-4.3,5.81,31.6,
XP_010031909.1,3.09,1,-4.3,8.58,44.8,
XP_010028455.1,3.17,1,-4.3,8.33,39.4,
XP_010037477.1,2.78,1,-4.2,5.12,77.7,
XP_010068328.1,2.89,1,-4.2,5.4,27.6,
XP_010036399.1,3.16,1,-4.2,5.63,10.9,
XP_010069223.1,2.74,1,-4.2,5.45,53.4,
XP_018729774.1,2.76,1,-4.1,9.16,27.3,
XP_010028998.1,2.91,1,-4.1,5.97,22.4,
XP_010044267.1,2.58,1,-4.1,4.76,42,
XP_010029389.1,2.94,1,-4.1,6.46,121,
XP_010043849.1,2.96,1,-4.1,8.34,25.6,
XP_010052236.1,3.03,1,-4.1,9.39,18,
XP_010066034.2,2.96,1,-4.1,5.51,125.5,
XP_010044444.1,3.1,1,-4,6.38,19.1,
XP_010037338.1,3.14,1,-4,8.74,35.6,
XP_010032790.1,3.07,1,-4,4.94,32.5,
XP_010059179.1,2.58,1,-4,9.18,52.8,
ADO23579.1,3.09,1,-4,6.84,20.8,no description available
XP_010034996.1,2.69,1,-4,10.11,12.1,
XP_010036214.1,3.18,1,-3.9,7.66,38.7,
XP_010047663.1,3.21,2,-3.9,4.63,14.1,
XP_010043470.1,3.11,2,-3.9,5.42,66.8,
XP_018727385.1,2.89,2,-3.9,11.29,15.3,
XP_010043186.1,3.19,1,-3.9,5.46,70.3,
XP_010062489.2,2.97,1,-3.8,10.72,17.8,
XP_010063208.1,3.15,1,-3.8,10.18,17,
XP_010061866.1,3.38,2,-3.8,9.28,31.3,
XP_010034084.1,2.71,1,-3.7,5.37,68.7,
XP_010053418.1,3.29,2,-3.7,5.15,52.4,
XP_010065640.1,3.14,1,-3.7,8.73,31.3,
XP_010069941.1,3.25,1,-3.7,7.2,17.3,
XP_018727802.1,2.69,1,-3.6,7.59,35.5,
XP_010027532.1,2.91,1,-3.6,7.56,65.8,
XP_018729859.1,3.11,1,-3.6,5.51,13.6,
XP_010036199.1,3.14,1,-3.6,8.64,28,
XP_010057882.1,3.25,2,-3.6,5.37,36.2,
XP_010053520.1,3.46,2,-3.6,7.63,37,
XP_010042010.1,2.93,1,-3.5,9.04,39,
XP_010060673.1,2.96,1,-3.5,6.98,46,
ADO23618.1,2.66,1,-3.5,8.89,24.2,no description available
XP_010030043.1,2.74,1,-3.5,5.49,25.9,
XP_010070252.1,3.1,1,-3.5,6.48,48.9,
XP_018718435.1,2.96,1,-3.5,5.05,15.3,
XP_010024828.1,2.75,1,-3.5,5.64,45.4,
XP_018716809.1,2.99,1,-3.5,6.93,54.1,
XP_018730933.1,3.2,1,-3.4,5.45,83.7,
XP_010029634.1,2.69,1,-3.4,5.84,98.4,
XP_018716734.1,2.9,1,-3.4,9.54,34.8,
XP_010024927.1,3.25,1,-3.4,6.45,285.6,
XP_010040844.1,3.07,1,-3.4,5.27,53,
XP_018721927.1,3.01,1,-3.4,10,28.3,
XP_010047755.1,2.96,1,-3.4,8.62,16.6,
XP_010057342.1,3.19,1,-3.3,8.96,18.5,
XP_018721015.1,2.9,1,-3.3,5.25,29.2,
XP_010042338.1,2.74,1,-3.3,9.51,16.9,
XP_010038204.1,3.2,1,-3.3,4.6,23,
XP_010058101.1,2.83,1,-3.3,9.27,33.9,
XP_010041558.1,3.23,1,-3.3,10.64,15.7,
XP_010025879.1,3.04,1,-3.3,4.67,29.3,
XP_010029949.1,3.1,1,-3.2,5.75,73.3,
XP_010024397.1,3.23,1,-3.2,5.13,25.4,
XP_010052814.1,3.24,2,-3.2,5.09,37.3,
XP_018719762.1,3.15,1,-3.2,9.11,85.2,
XP_018715932.1,3.26,1,-3.2,9.54,59.5,
XP_010040911.1,3.01,1,-3.2,9.35,18.7,
XP_010044939.1,3.11,1,-3.2,9.41,31.9,
XP_010038837.1,3.19,1,-3.2,8.77,26.1,
XP_010060595.1,2.94,1,-3.2,8.83,37.5,
XP_010060663.1,3.03,1,-3.2,8.52,36.2,
KCW87739.1,2.9,1,-3.1,9.44,11.4,
XP_010066634.1,3.47,4,-3,5.83,70.9,
XP_010036728.1,2.97,1,-3,6.54,54.3,
XP_010038816.1:reversed,3.01,1,-3,6.07,33.3,
XP_010055111.1,2.77,1,-3,8.37,40.6,
XP_010026954.1,2.56,1,-2.9,4.69,40.2,
XP_010042322.1,2.97,1,-2.9,6.95,23.2,
XP_010034641.1,2.85,1,-2.9,9.87,29.8,
XP_010031829.1,3.17,1,-2.9,8.25,39.4,
XP_010037134.1,2.95,1,-2.9,5.56,26.1,
XP_018725417.1,2.95,1,-2.9,8.12,30.3,
XP_010062799.1,3.23,1,-2.9,8.53,36,
KCW68730.1,3.35,1,-2.9,9.91,38.8,
XP_010049647.1,2.96,1,-2.9,6.97,40,
XP_010031855.1,3.18,2,-2.9,6.37,101.8,
XP_010024004.1,2.97,1,-2.9,4.43,25.3,
XP_010060483.1,2.83,1,-2.9,6.19,29.3,
XP_018717567.1,2.93,1,-2.8,6.36,89.3,
KCW83930.1,3.04,1,-2.8,5.78,36.2,
ADO23619.1,2.72,1,-2.8,6.56,17.3,
XP_010035607.1,3.14,1,-2.8,9.75,26.9,
XP_010036808.1,2.97,1,-2.8,5.3,22.9,
XP_010033876.1:reversed,3.32,1,-2.7,4.96,17.5,
XP_010029898.1,3.19,1,-2.7,6.28,44.4,
XP_010032296.1,2.72,1,-2.7,8.76,21.4,
XP_010062247.1,2.99,1,-2.7,5.62,41.3,
XP_010053632.1,3.09,2,-2.7,4.62,38.1,
XP_010031936.2,3.13,1,-2.7,7,63.2,
XP_018720922.1,2.82,1,-2.7,6.32,30.6,
XP_010041334.1,3.15,2,-2.7,8.92,22.1,
XP_010031928.1,3.11,1,-2.7,8.68,22.9,
XP_010067366.1,2.78,1,-2.7,9.02,26.8,
XP_010069202.1,3.13,1,-2.7,4.67,35.1,
XP_010060685.2,3.06,1,-2.7,8.05,47.2,
XP_010042878.2,2.77,1,-2.7,5.06,17.9,
XP_010026889.1,2.84,1,-2.7,9.13,48.5,
KCW53482.1,3.22,2,-2.6,9.42,7.9,
XP_018725414.1,2.84,1,-2.6,6.44,25.2,
XP_010025007.1,2.99,1,-2.6,11.23,21.1,
XP_010060009.1,3,1,-2.6,4.83,28.7,
XP_018721056.1,3.06,1,-2.6,5.23,45.7,
XP_010041934.1,3.23,1,-2.6,5.22,70.5,
XP_010063443.1,3.02,1,-2.6,5.48,24.6,
XP_010031732.1,3.08,1,-2.6,8.95,52,
XP_010041508.1,2.99,1,-2.6,4.97,19.3,
XP_010024692.1,3.15,1,-2.5,9.1,34.7,
XP_010060646.1,2.94,1,-2.5,6.13,51.7,
XP_018727400.1,3.09,1,-2.5,6.71,112.6,
XP_010038478.1,2.98,1,-2.5,7.77,11,
KCW83530.1,3.19,1,-2.5,5.74,56.4,
XP_010033299.1,3.06,1,-2.5,6.27,102.9,
XP_018715784.1,2.66,1,-2.5,7.99,51.1,
XP_018732194.1,2.78,1,-2.5,5.91,27.2,
XP_018718547.1,3.16,1,-2.5,4.7,51.5,
XP_010029191.1,2.68,1,-2.5,5.45,34.2,
XP_010061414.1,3.12,1,-2.5,6.56,38.9,
XP_018729866.1,3.18,1,-2.5,7.67,64.9,
XP_010062486.1,3.04,1,-2.4,6.41,34.2,
XP_018731673.1,2.87,1,-2.4,6.11,59.3,
XP_010023651.1,2.98,1,-2.4,7.98,51.8,
XP_010029765.1,2.99,1,-2.4,9.6,49.1,
XP_018719699.1,2.86,1,-2.4,6.06,112.5,
XP_010035932.1,2.97,1,-2.4,5.56,51.7,
XP_010043746.1,3.21,1,-2.4,8.42,14.8,
KCW83263.1,3.06,1,-2.4,6.88,48.9,
XP_018726486.1,3.11,1,-2.4,5.71,105.6,
XP_010023606.1,3.05,1,-2.4,5.14,51.5,
XP_010028270.1:reversed,3.01,1,-2.4,9.4,21.6,
XP_010034594.1,3.06,1,-2.4,7.04,34.2,
XP_010033379.1,3.5,2,-2.4,9.16,49.6,
XP_010067310.1,3.1,1,-2.4,7.73,52.2,
XP_018726972.1:reversed,2.85,1,-2.4,8.89,153.4,
XP_010056397.1:reversed,2.91,1,-2.4,5.27,53.9,
XP_018719533.1:reversed,2.83,1,-2.4,5.82,18.7,
XP_010062244.1,3.2,1,-2.4,7.21,36,
XP_010063949.1,2.64,1,-2.4,4.76,56.1,
XP_010068774.2,2.71,1,-2.3,6.57,53.6,
XP_018730858.1:reversed,2.81,1,-2.3,7.07,85.4,
XP_018718273.1:reversed,2.82,1,-2.3,6.46,54.5,
KCW47985.1:reversed,2.98,1,-2.3,7.71,70.5,
XP_010038357.1,2.79,1,-2.3,10.55,26.4,
XP_018715552.1,3.08,1,-2.3,8.05,76.8,
XP_018720668.1,2.85,1,-2.3,6.36,84.3,
XP_010035060.1,3.16,2,-2.3,7.13,69.9,
XP_010058814.1:reversed,3.15,1,-2.3,10.01,32.9,
XP_018727894.1,3.14,1,-2.3,5.59,32.1,
XP_010037424.1:reversed,3.19,1,-2.3,6.64,79.7,
XP_010047676.1,3.07,1,-2.3,8.32,32.6,
XP_010031003.1,2.81,1,-2.3,5.92,16,
XP_010062816.1,2.86,1,-2.3,5.1,68.3,
XP_018718628.1,3.22,2,-2.3,7.24,104.2,
KCW80930.1:reversed,3.04,1,-2.3,8.72,46.6,
XP_018725355.1,2.66,1,-2.3,5.71,79,
XP_010047139.1,2.95,1,-2.3,6.05,56.6,
XP_018717804.1:reversed,3.05,1,-2.3,6.41,37.9,
XP_010057805.1,2.61,1,-2.3,7.2,40,
XP_010034776.1,3.37,1,-2.3,5.99,22,
XP_018719682.1,2.98,1,-2.3,5.15,93.7,
XP_010040361.1,2.86,1,-2.3,6.15,22.6,
XP_010029019.1,2.94,1,-2.3,5.12,114.9,
XP_010032273.1,2.56,1,-2.3,10.83,14.4,
XP_010064666.1,3.13,2,-2.3,5.95,18.1,
XP_010037551.1,3.24,1,-2.2,4.56,61.5,
XP_010053533.1,2.71,1,-2.2,6.96,25,
XP_010069273.1:reversed,3.23,1,-2.2,5.79,43.2,
XP_010053664.1:reversed,3.14,1,-2.2,5.9,89.9,
XP_010037990.1,2.82,1,-2.2,6.06,42.8,
XP_010043899.1,3.18,1,-2.2,7.69,12.4,
XP_010032103.1:reversed,2.7,1,-2.2,5.47,50.8,
XP_018722693.1,3.27,1,-2.2,9.18,29.6,
XP_010042082.1:reversed,2.7,1,-2.2,5.14,29.3,
XP_018731427.1,3.12,1,-2.2,10.03,24.9,
XP_010037132.1,2.88,1,-2.2,5.38,22.6,
XP_010025955.1:reversed,2.94,1,-2.2,9.73,33.7,
XP_010044670.1,2.9,1,-2.2,8.04,43.4,
XP_018731419.1,2.97,1,-2.2,8.99,82,
KCW65584.1,3.1,1,-2.2,6.23,62.2,
XP_010037447.1,2.87,1,-2.2,7.69,64.7,
XP_010044055.1,2.89,1,-2.1,5.43,22.1,
KCW67801.1:reversed,2.81,1,-2.1,8.77,45.8,
KCW82147.1,2.82,1,-2.1,6.95,13.5,
XP_010044323.1,2.62,1,-2.1,6.57,45.7,
XP_010063689.1:reversed,3.14,1,-2.1,6.13,49.4,
XP_018724145.1,3.09,1,-2.1,5.19,67.1,
XP_010063844.1,3.22,1,-2.1,10.19,44.5,
XP_018717081.1,2.99,1,-2.1,5.6,34.5,
XP_010024218.1,3.06,2,-2.1,7.28,51.8,
XP_010042096.1,2.65,1,-2.1,6.92,39.3,
XP_018731082.1:reversed,3.08,1,-2.1,8.58,37.3,
XP_010069614.1,3.09,1,-2.1,10.39,25,
XP_010037691.1,3.14,1,-2.1,6.12,43.2,
XP_010035960.1,3.03,1,-2,5.07,37.4,
XP_010063401.1,2.32,1,-2,7.59,46.4,
XP_018726066.1,2.21,1,-2,9.34,27.6,
XP_010034374.1:reversed,3.02,1,-2,5.04,41.9,
XP_010027463.1,2.89,1,-2,8.75,46.5,
XP_018731632.1,3.18,2,-2,5.55,13.3,
XP_010037589.1,3.07,1,-2,5.46,172.8,
XP_010048326.1,2.82,1,-2,5.81,98.9,
XP_010037670.1,2.58,1,-2,7.81,12.1,
XP_010024929.1,3.07,1,-2,7.17,87.6,
XP_010044470.1,3.01,1,-2,6.24,47.2,
XP_010023657.1,3.25,1,-2,9.75,50.4,
KCW58441.1,2.86,1,-2,9.02,16.6,
XP_010042470.1,2.96,1,-2,8.95,20.1,
XP_010069098.1,3.02,1,-2,6.06,59.6,
XP_018732204.1,3.37,1,-2,5.2,46.9,
XP_010029049.1,3.22,1,-2,8.78,102.4,
XP_018721900.1:reversed,3.09,1,-2,6.89,13.8,
XP_018715439.1:reversed,2.56,1,-2,5.86,73.4,
XP_010065708.1,3.03,1,-1.9,5.28,12.8,
XP_010059958.1,3.09,1,-1.9,5.8,27.3,
XP_010042610.1,2.97,1,-1.9,6.84,24.8,
XP_010069114.1,3.11,1,-1.9,5.74,45.2,
XP_010027817.1,2.79,1,-1.9,9.54,23.2,
XP_010064709.1,2.97,1,-1.9,9.57,70.1,
XP_010039016.1,3.04,1,-1.9,6.26,77,
XP_010036149.1,2.65,1,-1.9,9.01,43.1,
XP_010025064.1:reversed,2.87,1,-1.9,6.14,108.9,
XP_018728100.1,2.95,1,-1.9,6.49,39.5,
XP_010029512.1,3.05,1,-1.9,8.87,63.8,
XP_018717843.1:reversed,2.89,1,-1.9,6.1,43.1,
XP_018717969.1,2.95,1,-1.9,7.16,60.7,
XP_010034095.1:reversed,3.01,1,-1.9,6.14,51.3,
KCW74070.1,3.22,1,-1.9,9.15,63.8,
XP_010041734.2,3.01,1,-1.9,10,10.3,
XP_010056262.1:reversed,2.72,1,-1.9,6.33,37.7,
XP_010053597.1:reversed,3.09,1,-1.9,5.1,58.9,
XP_018727883.1:reversed,2.8,1,-1.9,6.73,97.1,
XP_010063807.1,2.76,1,-1.9,4.91,66.4,
XP_018715409.1,3.14,1,-1.9,6.21,69.5,
XP_018722622.1:reversed,3.19,1,-1.9,10.07,25.7,
XP_010044808.1,3.12,1,-1.9,6.08,28.4,
XP_010031172.1,3.11,1,-1.9,5.69,80.1,
KCW61138.1,3.13,1,-1.9,5.89,78.1,
XP_010058065.1,2.9,1,-1.9,9.02,62,
KCW73619.1:reversed,3.22,1,-1.9,5.26,94.8,
XP_010030040.1,3.18,1,-1.9,8.93,38.3,
XP_018715933.1,3.38,1,-1.9,9.44,10.8,
KCW52049.1:reversed,2.93,1,-1.9,4.87,81.4,
XP_010028558.1,2.83,1,-1.9,5.37,85,
KCW57035.1,2.9,1,-1.9,8.76,58.7,
XP_010069476.1,2.9,1,-1.9,5.45,132.5,
XP_010027286.1,2.88,1,-1.9,6.24,56.9,
XP_018721419.1,3.06,1,-1.9,9.61,32.2,
XP_010067299.1,2.95,1,-1.9,6.06,36.2,
XP_010062687.1:reversed,2.82,1,-1.9,5.66,66.1,
XP_018717491.1,2.98,1,-1.8,6.34,14.5,
XP_010039561.1:reversed,3.2,1,-1.8,7.64,18.3,
XP_010031348.1,2.97,1,-1.8,8.7,49.3,
XP_010049102.1,2.98,1,-1.8,5.45,69.8,
XP_018725904.1:reversed,3.04,1,-1.8,9.76,20,
XP_018715636.1,2.57,1,-1.8,4.85,41.3,
KCW67754.1,3.04,1,-1.8,8.6,51.2,
XP_010064094.1,2.96,1,-1.8,8.33,56.9,
XP_010053403.1:reversed,2.89,1,-1.8,9.38,55.5,
XP_018731115.1:reversed,3.21,1,-1.8,6.09,51.7,
KCW59392.1:reversed,2.48,1,-1.8,4.9,48.7,
KCW76754.1,2.99,1,-1.8,9.06,67,
XP_010063052.1,2.92,1,-1.8,5.39,61.6,
XP_010041405.1,2.94,1,-1.8,9.22,18.8,
XP_010027560.1:reversed,2.99,1,-1.8,6.76,33.5,
XP_010031419.1:reversed,3.2,1,-1.8,8.88,132.9,
XP_010063480.1:reversed,3.46,1,-1.8,9.2,55.1,
XP_018720507.1,2.82,1,-1.8,5.77,98.7,
XP_010061647.1,2.98,1,-1.8,6.09,90.6,
XP_018720475.1,3.12,1,-1.8,6.53,99.1,
XP_010031396.1:reversed,2.48,1,-1.8,6.95,52.5,
XP_010028809.1,2.72,1,-1.8,5.01,89.9,
XP_018721269.1,3.08,1,-1.8,5,78.2,
XP_018717443.1:reversed,3.02,1,-1.8,6.51,37.9,
XP_010049989.1,2.84,1,-1.8,5.89,65.3,
XP_010029001.1,3.11,1,-1.8,9.53,37.1,
XP_010045097.1:reversed,2.87,1,-1.8,8.19,68.4,
XP_018720765.1:reversed,3.36,1,-1.8,5.85,116.5,
XP_010037082.1:reversed,2.97,1,-1.8,7.8,68.5,
XP_010029100.1,2.75,1,-1.8,6.07,55.8,
KCW63418.1:reversed,2.86,1,-1.8,4.66,20.6,
XP_010056407.1:reversed,3.29,2,-1.8,7.03,40.5,
XP_010051888.1:reversed,2.94,1,-1.8,9.53,31.2,
ADO23583.1:reversed,2.91,1,-1.8,8.58,120.8,
XP_018723948.1,3.04,1,-1.8,5.13,28.8,
XP_010044923.1,2.68,1,-1.8,6.66,75.3,
XP_010033362.1,3.3,1,-1.8,7.63,91.5,
XP_010037599.1,2.89,1,-1.8,11.15,34.8,
KCW52808.1:reversed,3.06,1,-1.8,9.54,69.8,
XP_010037587.1:reversed,2.94,1,-1.8,5.73,62.6,
XP_010041384.1:reversed,3.15,1,-1.8,8.91,29.8,
XP_010061120.1:reversed,2.9,1,-1.8,6.28,66.9,
XP_010033772.1,3.24,1,-1.8,4.38,44.3,
KCW63073.1,2.94,1,-1.8,9.14,18.9,
XP_018732976.1,3.02,1,-1.8,5.09,61.6,
XP_010066423.1,2.81,1,-1.8,5.78,41.8,
XP_018727840.1:reversed,3.35,1,-1.7,6.6,70.5,
XP_010031729.1,3.23,1,-1.7,9.04,119.9,
XP_010024748.1,2.99,1,-1.7,5.82,17.7,
XP_010066602.1,2.61,1,-1.7,5.38,68,
XP_010044167.1,3.12,1,-1.7,8.41,80,
XP_010035770.1,2.83,1,-1.7,4.96,21.5,
XP_018721706.1,3.01,1,-1.7,8.51,85.9,
KCW87950.1:reversed,2.88,1,-1.7,10.25,14.5,
XP_018719200.1:reversed,3.19,1,-1.7,9.05,133.9,
XP_010032064.1,2.9,1,-1.7,9.74,22,
KCW84762.1,3.45,1,-1.7,6.25,29.9,
XP_010024497.1:reversed,2.75,1,-1.7,6.78,121.8,
XP_010050562.1:reversed,2.86,1,-1.7,8.71,58,
XP_018727496.1,3.13,1,-1.7,5.95,28,
XP_018718959.1:reversed,3.02,1,-1.7,7.62,86.4,
XP_018715538.1:reversed,3.29,1,-1.7,6.15,102.3,
XP_010045501.1:reversed,2.93,1,-1.7,8.98,57.8,
KCW70980.1:reversed,3.05,1,-1.7,8.54,28.6,
XP_010067172.1,3.29,2,-1.7,9.25,87.4,
XP_018722023.1,2.73,1,-1.7,4,15.1,
KCW56341.1:reversed,3.15,1,-1.7,7.94,12.6,
XP_010059793.1,3.15,1,-1.7,6.08,34,
XP_018732128.1,3.09,1,-1.7,5.83,80.9,
XP_010057453.1,3.03,1,-1.7,5.14,37.4,
KCW77781.1:reversed,2.99,1,-1.7,11.46,13.7,
XP_010044935.1:reversed,2.86,1,-1.7,5.2,14.3,
XP_018729661.1,2.69,1,-1.7,5.8,65.8,
XP_010052955.1,2.83,1,-1.7,6.66,71.4,
XP_010036707.1,2.82,1,-1.7,8.55,43,
XP_010066562.1,2.81,1,-1.7,5.86,38.9,
XP_010035175.1:reversed,2.94,1,-1.7,5.05,80.5,
XP_010048387.1,3.32,1,-1.7,4.32,23.9,
XP_010062703.1,3.32,1,-1.7,6.07,45.7,
XP_010023905.1,2.99,1,-1.7,9.3,91.7,
XP_018730644.1,3.06,1,-1.7,5.41,89.7,
XP_010069968.1:reversed,2.91,1,-1.7,7.88,89.3,
XP_010067906.1,3.06,1,-1.7,6.95,52.8,
XP_010027951.1,3.16,1,-1.7,8.28,59.3,
XP_010069533.1,3.2,1,-1.7,7.16,47.3,
XP_010046438.1:reversed,3.12,1,-1.7,6.97,68,
XP_010052179.1,3.13,1,-1.7,10.01,20.8,
XP_010025833.1,2.8,1,-1.7,8.6,22.5,
XP_018727167.1,2.97,1,-1.7,8.11,135,
XP_010045162.1:reversed,2.87,1,-1.7,6.54,78.4,
XP_018731186.1:reversed,3.13,1,-1.7,9.37,37.2,
KCW70430.1:reversed,3.2,1,-1.7,6.73,15.5,
XP_010044616.1:reversed,2.88,1,-1.7,6.75,78.5,
KCW77123.1:reversed,2.72,1,-1.7,9.58,8.2,
XP_010031312.1,3.21,1,-1.7,6.72,28.2,
XP_010056474.1,2.84,1,-1.7,5.11,14.4,
XP_018717487.1,2.98,1,-1.7,8.94,72.6,
KCW44509.1,2.99,1,-1.7,9.37,31.1,
XP_010033655.1,2.88,1,-1.7,4.69,25.9,
XP_010054591.1,3.03,1,-1.7,7.08,53.9,
KCW67028.1,3.31,1,-1.7,7.7,36.4,
XP_010043870.1:reversed,3,1,-1.7,6.06,71.4,
XP_010070647.1,2.69,1,-1.7,5.6,49.6,
XP_010028974.1,3.13,1,-1.7,10.22,29.3,
XP_018729391.1,3.07,1,-1.7,8.27,101.8,
XP_010055092.1,3.1,1,-1.7,8.44,52.3,
XP_018717811.1:reversed,3.03,1,-1.7,5.99,98,
XP_010046969.1,2.94,1,-1.7,8.5,41.3,
XP_010065820.1,3.07,1,-1.7,5.1,34.8,
XP_018715140.1:reversed,3,1,-1.7,7.67,117.6,
XP_018728455.1:reversed,3,1,-1.7,6.67,31.8,
XP_010035674.1:reversed,3.18,1,-1.7,5.99,47.7,
XP_018723579.1,3.05,1,-1.6,6.18,16.1,
XP_010062711.1,3.07,1,-1.6,9.49,14.3,
XP_018725999.1:reversed,2.83,1,-1.6,6.81,95.7,
XP_018716766.1,3.21,1,-1.6,6.3,79.4,
KCW87722.1,3.02,1,-1.6,7.16,18,
XP_010059479.1:reversed,3.09,1,-1.6,8.87,59.4,
XP_010047504.1:reversed,3.25,1,-1.6,6.83,12.9,
XP_018719728.1,3.16,1,-1.6,7.08,161.3,
XP_018731184.1,3.26,1,-1.6,4.91,33.1,
XP_010058108.2:reversed,3.26,1,-1.6,5.71,136.4,
XP_018715199.1,2.95,1,-1.6,8.99,44.3,
XP_010064358.2,3.13,1,-1.6,6.74,126.1,
XP_018717981.1,2.92,1,-1.6,5.54,12.5,
XP_010043212.1,2.76,1,-1.6,10.74,16.2,
XP_018731220.1,3.11,1,-1.6,5.43,72.6,
XP_018716434.1:reversed,3.29,1,-1.6,5.33,36.7,
sp|GSTP1_HUMAN|,3.03,1,-1.6,5.43,23.2,
KCW83926.1:reversed,3.33,1,-1.6,5.04,29.8,
XP_018715868.1,3.03,1,-1.6,8.78,43.8,
XP_010047021.1:reversed,2.98,1,-1.6,6.16,96.5,
XP_010033939.1,2.94,1,-1.6,6.32,36.9,
XP_018718258.1:reversed,3.19,2,-1.6,5.71,262,
XP_018722870.1,3.23,1,-1.6,5.98,24.2,
XP_010067547.1,2.91,1,-1.6,5.31,193.1,
XP_010062653.1,3.11,1,-1.6,5.27,17.4,
XP_010032624.1,3.31,2,-1.6,4.76,29.7,
XP_010058521.1,2.94,1,-1.6,9.64,110.2,
XP_010041776.1:reversed,2.79,1,-1.6,6.05,108.2,
XP_010054473.1,3.04,1,-1.6,4.97,51.8,
XP_018717409.1,3.1,1,-1.6,6.35,46,
KCW67112.1,2.84,1,-1.6,5.11,88.6,
XP_010031373.1,2.68,1,-1.6,6.39,34.5,
XP_018728472.1,3.28,1,-1.6,5.89,51.5,
XP_010039017.1,3.38,1,-1.6,5.1,35.9,
XP_018732523.1,2.93,1,-1.6,5.44,29.5,
XP_010063458.1,3.13,1,-1.6,5.72,91.6,
KCW83392.1,3.03,1,-1.6,7.59,7.4,
XP_010068234.2,3.05,1,-1.6,9.41,45.7,
KCW72368.1:reversed,3.15,1,-1.6,7.94,8.4,
XP_018724206.1:reversed,3.33,1,-1.6,6.16,157.8,
XP_018719671.1,2.94,1,-1.6,5.81,156.1,
XP_010035552.1,2.86,1,-1.6,7.83,31.1,
XP_010025094.1,3.52,2,-1.6,9.04,63.4,
XP_018724667.1,3.07,1,-1.6,6.11,37.6,
XP_010036712.1:reversed,2.95,1,-1.6,6.45,50,
XP_010046614.2:reversed,3.02,1,-1.6,6.63,90.6,
XP_010066680.1,3.04,1,-1.6,5.49,75.6,
XP_018716936.1,3.13,1,-1.6,9.05,113.8,
KCW48060.1:reversed,3.08,1,-1.6,6.34,37,
XP_018722484.1:reversed,2.89,1,-1.6,6.21,56.1,
XP_010062040.1:reversed,2.85,1,-1.6,6.01,38.9,
XP_010028092.1,2.91,1,-1.6,7.96,64.7,
XP_010032218.1,2.96,1,-1.6,6.33,44.8,
XP_010025006.1,2.96,1,-1.6,11.9,31.1,
XP_010030222.1:reversed,2.83,1,-1.6,8.38,78.5,
XP_010056528.1,3.09,1,-1.6,5.14,371.5,
XP_010060067.1,3.17,1,-1.6,9.31,39.5,
XP_018725394.1:reversed,3.34,1,-1.6,8.65,94.5,
XP_010036821.1,2.93,1,-1.6,8.09,29.7,
XP_010053940.1,3.1,1,-1.6,7.27,169.6,
XP_010059935.1,2.99,1,-1.6,6,24.8,
XP_010024972.1:reversed,2.86,1,-1.6,5.01,27.4,
XP_010039660.1:reversed,3.04,1,-1.6,10.52,12.5,
XP_018718731.1,2.88,1,-1.6,6.44,65.8,
KCW62215.1:reversed,2.93,1,-1.6,8.73,40.1,
XP_010053847.1:reversed,3.13,1,-1.6,5.18,83.2,
XP_018720073.1,2.81,1,-1.6,6.67,41.8,
XP_018730629.1:reversed,3.08,1,-1.6,5.32,119.2,
XP_010058339.1,3.19,1,-1.6,5.96,52.2,
XP_018722414.1,2.75,1,-1.6,6.09,86.3,
XP_010062408.1,3.06,1,-1.6,5.12,38.1,
XP_018717610.1:reversed,2.95,1,-1.6,5.67,124.2,
XP_010030503.1,3.03,1,-1.6,5.31,21.3,
XP_018729664.1,3.29,1,-1.6,9.31,35.1,
KCW87450.1,2.71,1,-1.6,8.11,119.5,
XP_018724853.1:reversed,3.21,1,-1.6,6.44,98.8,
KCW73259.1,3.23,1,-1.6,6.82,163.9,
XP_010048355.1:reversed,2.9,1,-1.6,8.61,83.5,
XP_010062869.1:reversed,3.19,1,-1.6,5.5,85.2,
KCW85748.1,3.06,1,-1.6,8.91,53.4,
XP_018724575.1:reversed,2.95,1,-1.6,10.12,18.5,
XP_010056873.1,3.06,1,-1.6,9.31,32.1,
XP_018715118.1,2.83,1,-1.6,5.03,165,
XP_010029838.1:reversed,3.07,1,-1.6,9.58,37.8,
XP_018722293.1:reversed,2.74,1,-1.6,6.78,146.8,
XP_010059963.1,3.17,1,-1.6,5.17,35.5,
XP_010069976.1,2.78,1,-1.6,5.87,87.7,
XP_018731008.1,2.83,1,-1.5,6.54,40.1,
XP_010065731.1,2.86,1,-1.5,5.27,77.2,
XP_010051007.1:reversed,2.97,1,-1.5,6.2,42.8,
XP_018723246.1:reversed,3.16,1,-1.5,8.18,77.6,
KCW47973.1,2.99,1,-1.5,8.39,55.7,
KCW79278.1,3.29,1,-1.5,9.48,13.6,
XP_018716563.1:reversed,3.29,1,-1.5,8.78,184.8,
XP_010040366.1:reversed,2.86,1,-1.5,5.49,60.1,
XP_010052663.1,3.06,1,-1.5,10.51,44.7,
XP_010030971.1:reversed,3.22,1,-1.5,6.97,34.1,
KCW75614.1,2.94,1,-1.5,8.54,75.6,
XP_010038071.1:reversed,2.97,1,-1.5,9.46,47.7,
XP_010035875.1:reversed,3.11,1,-1.5,8.86,51.4,
XP_010046500.1:reversed,3.13,1,-1.5,7.97,70.8,
XP_018716870.1,2.76,1,-1.5,6.6,55.6,
XP_010044849.1,3.09,1,-1.5,7.63,68.9,
XP_010065261.1,2.54,1,-1.5,10.38,11.9,
XP_010053718.2:reversed,2.66,1,-1.5,4.78,78.9,
XP_010035538.1,2.94,1,-1.5,10.15,16,
XP_018728091.1:reversed,3.07,1,-1.5,9.54,103.5,
XP_018717986.1:reversed,2.86,1,-1.5,5.32,49.3,
XP_010027844.1,2.98,1,-1.5,5.43,20.4,
KCW89897.1,3.22,1,-1.5,10,17.4,
KCW66564.1:reversed,3.24,1,-1.5,6.55,35.4,
XP_010038251.1:reversed,3.19,1,-1.5,8.87,48.5,
XP_018721216.1:reversed,2.94,1,-1.5,10.21,21.9,
XP_010044769.1:reversed,3.28,1,-1.5,5.69,84.4,
XP_010066260.1,3.14,1,-1.5,4.83,132.7,
XP_010042464.2,2.76,1,-1.5,6.34,40.1,
XP_018722073.1:reversed,2.97,1,-1.5,6.09,58.7,
XP_018730379.1,2.83,1,-1.5,8.38,99.3,
XP_018733235.1:reversed,3.25,1,-1.5,6.9,74.9,
KCW75598.1:reversed,2.82,1,-1.5,9.72,10.3,
XP_010055476.1,3.17,1,-1.5,7.88,74.4,
XP_010049405.1,3.02,1,-1.5,5.91,90.6,
XP_010045601.1:reversed,2.68,1,-1.5,9.29,47.3,
XP_010031446.1,2.91,1,-1.5,6.07,186.6,
XP_010029224.1:reversed,3.22,1,-1.5,9.53,38,
XP_010065338.1:reversed,2.86,1,-1.5,6.41,160.8,
XP_010052945.1,3.07,1,-1.5,5.46,61.3,
KCW88854.1:reversed,2.94,1,-1.5,5.99,76.1,
XP_010034277.2,3.11,1,-1.5,8.63,127.4,
XP_010056380.1,3.12,1,-1.5,5.2,32.9,
XP_010046505.1,3.37,1,-1.5,7.63,27.8,
XP_018727573.1,2.93,1,-1.5,8.82,90.2,
XP_010045033.1,3.19,1,-1.5,4.69,35.9,
XP_018724662.1,3.04,1,-1.5,8.97,40.2,
XP_010061991.1,3.07,1,-1.5,9.38,48.7,
XP_010055167.1:reversed,3.03,1,-1.5,8.66,48.3,
XP_010033771.1,2.78,1,-1.5,5.58,44.3,
XP_010038505.1:reversed,3.14,1,-1.5,6.24,85.4,
XP_010059181.2,2.63,1,-1.5,7.44,58.1,
XP_010041121.1,3.03,1,-1.5,9.1,72.3,
XP_010069858.1:reversed,2.87,1,-1.5,5.66,80.9,
XP_010054385.1,2.87,1,-1.5,4.73,34.7,
XP_018719755.1,2.93,1,-1.5,5.87,125.5,
XP_010054615.1:reversed,3.17,1,-1.5,8.3,40.5,
XP_010028877.1:reversed,2.67,1,-1.5,4.8,35.7,
NP_001289644.1:reversed,3.19,1,-1.5,6.12,117.3,
XP_010069426.1,3.25,1,-1.5,9.54,35.4,
XP_010065738.1,3.18,1,-1.5,5.75,79.8,
XP_018732452.1:reversed,2.97,1,-1.5,8.39,67.3,
XP_018724086.1,3.01,1,-1.5,5.84,45.5,
KCW52595.1:reversed,3.05,1,-1.5,5.02,22.2,
XP_010038116.1,2.96,1,-1.5,6.06,173.5,
XP_010061816.1,2.91,1,-1.5,8.31,85.7,
XP_010068580.1,3.07,1,-1.5,5.35,98.8,
XP_010048240.1:reversed,2.85,1,-1.5,5.83,78.6,
KCW62940.1,3.17,1,-1.5,7.41,105.3,
XP_010023861.1,2.87,1,-1.5,10.54,13.7,
KCW73370.1,3.09,1,-1.5,8.27,104.3,
XP_010040050.1,2.21,1,-1.5,8.29,34.6,
XP_018723786.1,3.3,1,-1.5,9.54,20.9,
XP_010030084.1,2.97,1,-1.5,4.77,22.4,
XP_010047107.1,2.78,1,-1.5,9.14,41.9,
XP_010044705.1:reversed,3.01,1,-1.5,5.68,50.2,
XP_010025813.1:reversed,3.11,1,-1.5,9.59,33,
XP_010059626.1:reversed,2.58,1,-1.5,6.05,52.3,
XP_010055168.1,3.23,1,-1.5,9.07,20.5,
XP_010029750.1,2.83,1,-1.5,5.56,26,
XP_010031784.1:reversed,3.05,1,-1.5,6.57,68.1,
XP_010026573.2,2.97,1,-1.5,6.44,92.4,
KCW74279.1,2.96,1,-1.5,5.19,35.4,
XP_018716684.1,2.89,1,-1.5,9.54,33.9,
KCW74110.1:reversed,2.71,1,-1.5,4.34,32,
XP_018719294.1,3.09,1,-1.5,8.25,112.1,
XP_010035405.1,3.17,1,-1.5,9.04,71.2,
XP_018722538.1,3.11,1,-1.5,9.29,56.8,
XP_010036541.2:reversed,2.85,1,-1.5,6.13,54.4,
KCW58908.1,2.49,1,-1.5,9.41,37,
XP_010049403.2:reversed,2.87,1,-1.5,8.42,109.6,
XP_010049944.2,3.08,1,-1.5,6,108.4,
XP_018732429.1:reversed,3.06,1,-1.5,6.16,76,
XP_010024537.1:reversed,3.4,1,-1.5,6.5,72.5,
XP_010064813.1:reversed,2.68,1,-1.4,9.23,43.3,
XP_018718297.1,2.64,1,-1.4,6.93,61.5,
XP_010070640.1,3,1,-1.4,4.04,19.6,
XP_010035193.1,3.2,1,-1.4,5.55,32,
XP_010070499.1,3.23,1,-1.4,8.58,82.1,
XP_010029904.1:reversed,2.78,1,-1.4,6.52,151.2,
KCW70225.1:reversed,2.98,1,-1.4,9.16,7.5,
XP_010043459.1,2.81,1,-1.4,8.79,59.4,
XP_010064179.1:reversed,3.07,1,-1.4,6.57,52,
XP_010060417.1,3.14,1,-1.4,5.32,101.2,
XP_010045584.1,3.15,1,-1.4,6.43,115.7,
XP_010064234.1,2.95,1,-1.4,8.23,52.2,
XP_018716282.1:reversed,2.71,1,-1.4,5.92,133.8,
KCW56097.1,2.68,1,-1.4,9.82,11.5,
XP_010056787.1,2.91,1,-1.4,6.35,38.9,
XP_018730507.1:reversed,3.02,1,-1.4,5.92,111,
XP_018720700.1,3.27,1,-1.4,8.14,212.1,
KCW50820.1,2.65,1,-1.4,6.67,64.5,
XP_010058048.1,3.28,1,-1.4,9.61,39.8,
XP_010032187.1,2.98,1,-1.4,8.91,33.3,
XP_010049887.1,3.19,1,-1.4,4.74,53.5,
XP_010053425.1,2.85,1,-1.4,5.43,85.5,
XP_010033210.1,3.26,1,-1.4,5.15,36.1,
XP_010047223.1,3.26,1,-1.4,7.53,58.1,
KCW80327.1,2.77,1,-1.4,4.89,44.6,
XP_010062347.1,2.63,1,-1.4,8.96,54.4,
XP_010057219.1,3.02,1,-1.4,6.35,53.2,
XP_010023677.1,2.94,1,-1.4,5.15,42.2,
XP_010025023.1,2.66,1,-1.4,8.82,118.8,
XP_010047304.1,3.18,1,-1.4,6.07,156.7,
XP_010059317.1:reversed,3.2,1,-1.4,6.46,133.9,
XP_018726597.1,3.13,1,-1.4,8.05,57.3,
XP_010027989.1:reversed,3.04,1,-1.4,5.39,100,
XP_010052216.1:reversed,2.64,1,-1.4,8.87,42.3,
XP_010058727.1,3.1,1,-1.4,7.08,28,
XP_010069674.1:reversed,3.22,1,-1.4,4.32,11.3,
XP_010044921.1:reversed,3.02,1,-1.4,4.61,72.2,
XP_018715657.1:reversed,2.62,1,-1.4,6.25,39,
XP_018720274.1,3.18,1,-1.4,5.44,32.1,
XP_010068775.2:reversed,3.05,1,-1.4,5.04,34.8,
XP_018728232.1,3.15,1,-1.4,8.72,83,
XP_010047813.1,3.03,1,-1.4,4.97,52.5,
XP_010052134.1,3.03,1,-1.4,9.29,91.6,
XP_010058576.2:reversed,2.74,1,-1.4,6.23,38.7,
XP_018731920.1,3.37,1,-1.4,6.13,153.8,
KCW63499.1,2.64,1,-1.4,9.42,53.2,
XP_018716071.1:reversed,2.72,1,-1.4,9.69,17.8,
XP_010068126.1:reversed,2.82,1,-1.4,7.05,18.1,
XP_010047802.1:reversed,2.49,1,-1.4,6.09,82.9,
XP_010049361.1:reversed,3.12,1,-1.4,6.08,16.8,
XP_010029358.1,2.9,1,-1.4,7.72,18.8,
XP_010031033.1,3.08,1,-1.4,8.82,48.3,
XP_010044028.1,3.11,1,-1.4,9.35,17.1,
XP_018715155.1,2.91,1,-1.4,6.02,60.5,
XP_010070236.1,3.14,1,-1.4,8.74,51.1,
XP_018720690.1,3.22,1,-1.4,8.2,42.7,
XP_010057763.1,2.94,1,-1.4,7.15,58,
KCW46530.1:reversed,3.07,1,-1.4,8.69,30.1,
XP_010044855.1:reversed,3.17,1,-1.4,4.88,77.6,
XP_010028232.1:reversed,3.27,1,-1.4,5.41,17.8,
XP_010032677.1,2.73,1,-1.4,8.69,57.6,
XP_010052217.1,3.01,1,-1.4,5.85,62.6,
KCW90298.1,3.18,1,-1.4,7.34,80.5,
KCW75948.1,3.18,1,-1.4,5.83,80.5,
XP_010070394.1,3.13,1,-1.4,8.86,43.9,
XP_010054301.1:reversed,3.04,1,-1.4,6.06,64.6,
XP_010061170.1,2.95,1,-1.4,5.15,49.3,
XP_018733228.1:reversed,3.1,1,-1.4,9.02,66.3,
XP_010049078.1,2.75,1,-1.4,8.09,39.1,
XP_010047698.1,2.74,1,-1.4,9.17,86.9,
XP_010036844.1,2.9,1,-1.4,6.6,47.5,
XP_018722485.1:reversed,2.85,1,-1.4,8.97,33,
XP_018718443.1:reversed,2.9,1,-1.4,5.64,93.3,
XP_010058404.1,2.85,1,-1.4,4.64,11,
XP_010025216.1,3.3,1,-1.4,7.44,43.7,
XP_010036559.1,2.96,1,-1.4,6.43,41.9,
XP_018718331.1:reversed,3.18,1,-1.4,6.25,108.8,
XP_018716721.1,3.42,1,-1.4,6.33,100.5,
KCW69933.1,3.21,1,-1.4,9.76,10.6,
XP_010029188.1:reversed,2.9,1,-1.4,5.34,35.9,
XP_010047925.1,3.01,1,-1.4,10.41,14.7,
KCW66349.1:reversed,3.01,1,-1.4,5.59,28.7,
XP_018717392.1:reversed,3.36,1,-1.4,8.58,102.1,
XP_010057422.1,3.07,1,-1.4,6.43,65.4,
XP_010036108.1:reversed,2.83,1,-1.4,5.42,131.7,
XP_018730964.1,3.12,1,-1.4,7.77,233.4,
XP_010055128.1:reversed,3,1,-1.4,8.88,226.2,
XP_010032602.1,2.94,1,-1.4,8.3,47.2,
XP_010032930.1:reversed,3.21,1,-1.4,6.63,71.8,
XP_010043320.1:reversed,2.97,1,-1.4,9.58,40.7,
XP_010044455.1,2.64,1,-1.4,5.78,116.7,
XP_010061309.1:reversed,3.28,1,-1.4,5.06,22.2,
XP_018730433.1:reversed,3.18,1,-1.4,8.45,54.4,
XP_010058938.1:reversed,2.82,1,-1.4,5.32,47.2,
XP_010069542.1,2.61,1,-1.4,6.04,27.9,
XP_010064355.1:reversed,2.61,1,-1.4,7.01,124.7,
XP_010033974.1,2.94,1,-1.4,9.35,43,
XP_018720335.1:reversed,2.89,1,-1.4,9.18,52.9,
XP_010061760.1:reversed,3.33,1,-1.4,4.87,97.1,
XP_010031538.1,3.17,1,-1.4,7.71,38.5,
XP_010038433.1:reversed,3.31,1,-1.4,8.62,57.6,
XP_010068377.1:reversed,3.15,1,-1.4,7.96,67.1,
XP_018732045.1,2.98,1,-1.4,7.6,53.7,
XP_010039534.1,2.92,1,-1.4,5.45,38.9,
XP_010056512.1,3.25,1,-1.3,4.9,47.5,
XP_010032231.1,3,1,-1.3,10.33,52.4,
XP_010047911.1,2.93,1,-1.3,4.46,53.8,
XP_010048285.1,3.2,1,-1.3,9.56,30.8,
XP_018723575.1,2.97,1,-1.3,6.38,26.7,
XP_018723230.1,2.95,1,-1.3,4.87,13.7,
XP_010025291.1,2.86,1,-1.3,9.13,52,
XP_010069154.1:reversed,3.14,1,-1.3,6.43,57.7,
XP_010029564.1:reversed,2.94,1,-1.3,4.24,44.9,
XP_018729790.1,2.68,1,-1.3,5.66,129.8,
XP_018732045.1:reversed,2.8,1,-1.3,7.6,53.7,
XP_018722951.1:reversed,2.73,1,-1.3,6,100.7,
XP_018717883.1,2.64,1,-1.3,7.02,92.5,
XP_010038239.1,2.94,1,-1.3,5.93,91.6,
XP_010067888.1,3.17,1,-1.3,9.04,47.4,
XP_010069412.1,2.92,1,-1.3,5.64,63.8,
XP_018731657.1,3.1,1,-1.3,6.34,48,
XP_010060230.1,2.95,1,-1.3,8.46,17,
XP_010067082.1,3.03,1,-1.3,9.61,38.3,
XP_010067604.1,3.11,1,-1.3,6.32,47.5,
XP_010028707.1,2.68,1,-1.3,8.79,60,
KCW79003.1:reversed,2.92,1,-1.3,6.7,9.4,
XP_010063997.1:reversed,2.95,1,-1.3,6.44,91.5,
XP_010036785.1,2.96,1,-1.3,6.49,58.5,
XP_018718693.1,3.39,1,-1.3,6.05,91.7,
XP_018721027.1:reversed,2.78,1,-1.3,6.6,96.6,
XP_010051082.1:reversed,3.08,1,-1.3,4.78,20.2,
XP_018718400.1,2.77,1,-1.3,6.8,8.1,
XP_010038534.1,2.97,1,-1.3,5.12,35.1,
XP_018718557.1,3.03,1,-1.3,5.07,87,
XP_010045082.1:reversed,2.94,1,-1.3,5.63,53,
XP_010063109.1,3.14,1,-1.3,9.04,60.7,
KCW63533.1,3.11,1,-1.3,8.92,91.7,
XP_010069110.1,2.97,1,-1.3,7.02,46.1,
XP_018719109.1,2.81,1,-1.3,6.81,18.9,
XP_010031276.1:reversed,3.32,1,-1.3,6.52,64.2,
XP_010056189.1,3.13,1,-1.3,6.03,55.6,
XP_010053605.1:reversed,3.12,1,-1.3,5.28,47.8,
KCW51543.1,2.76,1,-1.3,9.52,33.8,
XP_010031760.1:reversed,2.88,1,-1.3,5.94,144.1,
XP_018725900.1,2.89,1,-1.3,7.82,40.7,
XP_018715590.1:reversed,3.22,1,-1.3,5.79,87.9,
XP_010054042.1,3.07,1,-1.3,11,23.6,
XP_010063322.1:reversed,3.05,1,-1.3,6.02,64.7,
XP_010031419.1,3.1,1,-1.3,8.88,132.9,
XP_010069615.1,3.28,1,-1.3,6.72,16.2,
XP_010037081.1:reversed,2.81,1,-1.3,4.93,51.7,
XP_010068981.2,3.41,1,-1.3,5.37,45.7,
XP_018728969.1:reversed,3.17,1,-1.3,8.46,100.9,
XP_018731503.1,3.28,1,-1.3,4.63,49.2,
XP_010063616.1,3.06,1,-1.3,5.9,47.1,
XP_018715073.1,2.91,1,-1.3,5.68,96.1,
XP_018728567.1,2.65,1,-1.3,5.87,24.2,
XP_010045990.1:reversed,3.31,1,-1.3,6.64,139.7,
XP_018722851.1,2.85,1,-1.3,8.96,30.8,
XP_010059753.1,3.21,1,-1.3,8.9,36.3,
XP_018731710.1,2.97,1,-1.3,6.04,52.4,
XP_010054359.1,2.21,1,-1.3,7.67,36.5,
XP_010059817.1:reversed,3.43,1,-1.3,9.53,28.7,
XP_010063750.1,3.33,1,-1.3,8.74,42.1,
XP_018720919.1:reversed,3.14,1,-1.3,6.28,304.6,
XP_010029211.1,3,1,-1.3,4.89,164.8,
XP_010060415.1:reversed,2.74,1,-1.3,6.54,121.7,
KCW81562.1:reversed,3.08,1,-1.3,5,67,
XP_010035969.1,3.12,1,-1.3,5.18,89.5,
XP_010033342.1,2.83,1,-1.3,5.27,30.6,
XP_010033177.1,3.16,1,-1.3,9.15,52.9,
XP_018720981.1,2.99,1,-1.3,8.33,17,
KCW84211.1,3.02,1,-1.3,6.64,72.8,
XP_010047359.1,2.8,1,-1.3,9.6,37.2,
XP_010028833.1:reversed,3.23,1,-1.3,4.79,57,
XP_018717604.1,3.02,1,-1.3,4.92,54.1,
XP_010029093.1,2.68,1,-1.3,6,43.1,
XP_018725897.1:reversed,2.92,1,-1.3,9.38,13.6,
XP_018719279.1:reversed,3.14,1,-1.3,6.1,12.7,
XP_010029324.1:reversed,3.04,1,-1.3,6.77,50.9,
XP_010035169.1:reversed,3.02,1,-1.3,9.98,47.9,
XP_018716228.1,3.25,1,-1.3,7.81,13,
XP_018729849.1:reversed,2.99,1,-1.3,8.83,132.5,
XP_018729869.1,3.08,1,-1.3,6.01,111.2,
XP_010061726.1:reversed,2.81,1,-1.3,8.62,116.5,
XP_018731206.1:reversed,2.69,1,-1.3,9.07,85.3,
XP_018728815.1:reversed,2.92,1,-1.3,8.29,71.3,
XP_010060082.1:reversed,2.76,1,-1.3,9.77,57.6,
XP_010056309.1,3.08,1,-1.3,5.28,56.8,
XP_010025494.1,3.22,1,-1.3,8.26,88.2,
XP_018732242.1,3.02,1,-1.3,5.5,80.5,
KCW49610.1,3.02,1,-1.3,9.34,8.2,
XP_010028371.1:reversed,3.14,1,-1.3,10.64,71,
XP_010029542.1:reversed,2.85,1,-1.3,5.36,26.3,
XP_010056964.1:reversed,3.01,1,-1.3,5.72,70.1,
XP_018721440.1:reversed,3.2,1,-1.3,7.47,98.2,
XP_018715458.1,2.9,1,-1.3,8.49,22.7,
KCW69632.1,2.84,1,-1.3,8.71,53.3,
XP_018718198.1:reversed,3.05,1,-1.3,4.2,581.4,
XP_018718106.1:reversed,2.98,1,-1.3,8.53,121.4,
XP_010024732.1,3.08,1,-1.3,6.46,128.4,
XP_010052032.1,3.18,1,-1.3,8.25,50.1,
XP_010033221.1,2.82,1,-1.3,5.54,54.6,
XP_010048760.1,3.16,1,-1.3,8.95,76.7,
XP_010059907.2,3.06,1,-1.3,7.21,51.6,
XP_010049296.1:reversed,3.09,1,-1.3,5.01,34.9,
XP_010027760.1,3.28,1,-1.3,7.23,58.4,
XP_010061211.1,2.94,1,-1.3,8.09,68.7,
XP_010062897.1:reversed,3.23,1,-1.3,5.58,93,
XP_010062396.1:reversed,3.16,1,-1.3,6.02,37.8,
XP_018716053.1:reversed,3.23,1,-1.3,10.11,11.8,
XP_010070345.1,3.09,1,-1.3,7.66,20.2,
KCW84770.1:reversed,2.98,1,-1.3,5.27,79.3,
XP_010031877.1:reversed,3.13,1,-1.3,5.92,125.8,
XP_018732611.1,2.63,1,-1.3,9.81,28,
XP_018724684.1:reversed,2.86,1,-1.3,8.79,41.5,
KCW83086.1:reversed,2.92,1,-1.3,5.37,18.4,
XP_018724045.1,3.16,1,-1.3,7.63,108.2,
XP_018728658.1,3.02,1,-1.3,8.79,103.6,
KCW65759.1:reversed,3.02,1,-1.3,8.64,39.5,
KCW62432.1:reversed,2.96,1,-1.3,7.78,75.8,
XP_010066958.1:reversed,3.02,1,-1.3,9.19,42.5,
KCW73112.1:reversed,3.09,1,-1.3,8.55,25.5,
KCW64234.1,3.24,1,-1.3,7.02,21.6,
XP_010063131.1,3.09,1,-1.3,9.5,53.2,
XP_010060549.1:reversed,2.67,1,-1.3,6.18,31.4,
XP_010044576.1,3.11,1,-1.3,10.59,16.3,
XP_018722841.1,2.8,1,-1.3,7.7,18.3,
XP_010066277.1,2.7,1,-1.3,7.54,106.8,
XP_010041361.1:reversed,3.01,1,-1.3,6.65,53.2,
XP_018730652.1:reversed,3.18,1,-1.3,5.16,69,
XP_010070266.1,2.99,1,-1.3,7.12,283,
XP_010060116.1,2.91,1,-1.3,5.11,73.7,
XP_018721385.1,3.11,1,-1.3,5.99,9.5,
XP_010061828.1:reversed,3.03,1,-1.3,9.21,73,
XP_010035363.1,3.04,1,-1.3,5.57,44.4,
XP_010025060.1,3.12,1,-1.3,5.09,84.3,
XP_018731970.1,3.13,1,-1.3,5.02,103,
XP_018729495.1,3.11,1,-1.3,9.17,36.3,
XP_018719745.1:reversed,2.77,1,-1.3,6.78,22.2,
KCW47323.1,3.11,1,-1.2,8.8,19.4,
XP_010069090.2,3.03,1,-1.2,8.16,54.9,
KCW62472.1,3.2,1,-1.2,7.94,9,
XP_018721169.1,3.28,1,-1.2,5.39,60.5,
XP_010051157.1:reversed,3.11,1,-1.2,6.11,130.5,
XP_018731130.1,3.03,1,-1.2,9.05,87.4,
XP_010053931.1:reversed,2.79,1,-1.2,9.45,29.3,
XP_010063226.1,3.02,1,-1.2,5.17,45.2,
XP_010035376.1,2.86,1,-1.2,5.89,51.9,
XP_010066374.1,2.84,1,-1.2,5.58,49.1,
XP_010061572.1,2.84,1,-1.2,9.34,77.3,
KCW87356.1,3.01,1,-1.2,9.49,17.2,
XP_018720144.1,3.19,1,-1.2,8.42,69.7,
XP_018729436.1,3.32,1,-1.2,6.04,54,
XP_010028767.1,3.06,1,-1.2,5.23,60.9,
XP_018722948.1,3.28,1,-1.2,7.64,32.6,
XP_010025520.1:reversed,2.88,1,-1.2,8.01,116.1,
XP_010049856.1,2.44,1,-1.2,6.83,19.6,
KCW85355.1,3.1,1,-1.2,11.19,10,
KCW46428.1,2.94,1,-1.2,5.66,113.4,
XP_018718562.1,3.16,1,-1.2,5.5,106.7,
XP_010064695.1:reversed,3.02,1,-1.2,5.03,106.7,
XP_010056049.1:reversed,3.04,1,-1.2,5.71,46,
XP_018715618.1,2.69,1,-1.2,8.04,163.5,
XP_010023736.1,3.18,1,-1.2,7.97,21.3,
XP_018731826.1,2.71,1,-1.2,6.84,67.9,
XP_018728579.1,3.12,1,-1.2,6.59,22.3,
XP_010033685.1:reversed,2.91,1,-1.2,6.54,60.8,
XP_018716603.1,3.26,1,-1.2,5.26,34.4,
XP_010063471.1:reversed,2.93,1,-1.2,5.66,30.8,
XP_010024676.1:reversed,3.23,1,-1.2,6.42,41.3,
XP_010060392.1,3.18,1,-1.2,9.07,14.7,
XP_018715758.1:reversed,2.97,1,-1.2,6.18,44.6,
KCW89443.1,2.34,1,-1.2,9.91,13.5,
KCW65887.1:reversed,3.25,1,-1.2,8.48,13.4,
KCW65861.1:reversed,2.58,1,-1.2,6.33,41.1,
KCW73788.1:reversed,2.73,1,-1.2,9.05,29.6,
XP_010052205.1,2.74,1,-1.2,10.08,48.1,
XP_010068803.1:reversed,2.94,1,-1.2,8.62,22.4,
KCW63208.1:reversed,2.89,1,-1.2,6.49,104.4,
XP_010042234.1:reversed,2.8,1,-1.2,8.67,41.7,
XP_010036774.1,2.99,1,-1.2,8.88,35.2,
XP_018721202.1:reversed,2.88,1,-1.2,6.21,74.2,
XP_018716879.1:reversed,3.3,1,-1.2,5.04,19.3,
XP_010032636.1:reversed,3.03,1,-1.2,7.59,33,
KCW53113.1,3.13,1,-1.2,9.08,36.6,
XP_018733315.1:reversed,2.86,1,-1.2,8.5,42.4,
XP_010068621.1:reversed,3.02,1,-1.2,6.94,71,
XP_010051564.1,2.7,1,-1.2,7.49,122.7,
KCW70198.1,2.92,1,-1.2,8.97,72.5,
XP_010060524.1,2.79,1,-1.2,5.41,43.5,
XP_010045272.1:reversed,2.88,1,-1.2,7.97,39.5,
XP_018730305.1:reversed,2.71,1,-1.2,6.8,45.1,
XP_010053350.1:reversed,2.78,1,-1.2,9.67,15.3,
XP_010063251.1,2.97,1,-1.2,5.86,80.7,
XP_010037384.1,3.03,1,-1.2,8.44,87.9,
XP_010038574.1,2.98,1,-1.2,9.1,48.4,
XP_010047371.1,3.04,1,-1.2,5.29,18.2,
XP_018733305.1:reversed,2.79,1,-1.2,6.39,46.6,
XP_018721506.1,3.07,1,-1.2,6.61,125.3,
XP_010058052.1,3.41,1,-1.2,5.88,54,
XP_010031997.1:reversed,3.1,1,-1.2,8.03,20.4,
KCW77861.1,3.01,1,-1.2,6.91,62.3,
XP_018723217.1:reversed,2.72,1,-1.2,5.74,52.1,
XP_010069589.1,3,1,-1.2,5.58,55.4,
XP_010056296.1:reversed,3.18,1,-1.2,5.41,198.6,
XP_018718003.1,2.93,1,-1.2,9.28,50.5,
XP_010045849.1:reversed,3.3,1,-1.2,5.09,45.1,
XP_010057171.1,2.64,1,-1.2,4.97,20.1,
XP_018721252.1,2.73,1,-1.2,8.18,72.7,
XP_010025470.1,3.02,1,-1.2,6.48,36.1,
XP_010023448.2,3.09,1,-1.2,9.97,39,
XP_010029457.1,2.84,1,-1.2,7.27,46.7,
XP_010025309.1:reversed,3.04,1,-1.2,8.95,53.8,
KCW61158.1,2.36,1,-1.2,10.05,10,
XP_018730073.1:reversed,2.97,1,-1.2,5.91,48.6,
XP_010047582.1:reversed,3.13,1,-1.2,7.44,29.1,
XP_010064996.1:reversed,3.26,1,-1.2,5.15,54.9,
XP_018718863.1:reversed,2.95,1,-1.2,6.52,255,
XP_010038195.1:reversed,2.9,1,-1.2,5.54,68.2,
XP_010038327.1:reversed,2.88,1,-1.2,9.04,34.5,
XP_010060613.1,3.21,1,-1.2,6.06,70.9,
XP_010062580.1,3.09,1,-1.2,6.32,240.6,
XP_010054821.1,2.83,1,-1.2,10.5,27.5,
XP_010060529.1,2.77,1,-1.2,6.1,141.2,
XP_010037925.1,3.25,1,-1.2,10.48,44.9,
XP_018729809.1:reversed,3.13,1,-1.2,5.33,29.5,
XP_010045278.1,2.86,1,-1.2,9.43,110.8,
KCW79127.1:reversed,3.32,1,-1.2,9.7,39.2,
XP_010062526.1,2.92,1,-1.2,5.47,42.2,
XP_010049848.1:reversed,2.65,1,-1.2,6.03,54.8,
XP_018720818.1,2.91,1,-1.2,8.61,22.5,
XP_010042598.1,2.89,1,-1.2,5.38,31.3,
XP_010060496.1,2.94,1,-1.2,4.89,25.8,
XP_010032023.1:reversed,2.76,1,-1.2,9.34,74,
KCW67098.1,3.15,1,-1.2,8.2,35.9,
XP_010037074.1:reversed,3.05,1,-1.2,6.36,57.7,
XP_010032776.1,2.83,1,-1.2,9.25,108,
XP_018728609.1,3,1,-1.2,11.02,14.5,
XP_010067872.1:reversed,2.95,1,-1.2,8.5,62.3,
XP_018717686.1,2.96,1,-1.2,6.64,35.2,
KCW69691.1:reversed,3.01,1,-1.2,6.14,46.6,
KCW48530.1,2.9,1,-1.2,7.47,52.8,no description available
XP_010047558.1:reversed,3.17,1,-1.2,8.82,62.8,
KCW65281.1,2.94,1,-1.2,6.16,67.7,
XP_010049761.2:reversed,2.94,1,-1.2,8.71,58.8,
XP_010061387.1:reversed,2.81,1,-1.2,8.35,153.8,
XP_018725104.1,3.03,1,-1.2,5.53,62.7,
XP_010068395.1,3.08,1,-1.2,8.31,71,
XP_010064358.2:reversed,2.91,1,-1.2,6.74,126.1,
XP_010069494.1,3.18,1,-1.2,10.71,19.3,
XP_010041983.2,2.72,1,-1.2,9.46,10.8,
XP_018726814.1,3.3,1,-1.2,6.23,180.2,
XP_018732806.1:reversed,2.28,1,-1.2,11.04,22.7,
XP_010040778.2,3,1,-1.2,5.66,38.4,
XP_010054514.1:reversed,3.05,1,-1.2,6.46,38.8,
XP_010038843.1:reversed,2.84,1,-1.2,9.42,53.1,
XP_018722973.1,2.99,1,-1.2,9.13,62,
XP_010023665.1,3.25,1,-1.2,7.59,64.2,
XP_018731825.1:reversed,3.07,1,-1.2,8.84,24.2,
XP_010052584.1,3.24,1,-1.2,9.44,24.3,
KCW58044.1:reversed,3.18,1,-1.2,10.04,13.7,
XP_010059897.1,2.78,1,-1.2,9.69,42.7,
XP_018728396.1,2.82,1,-1.2,6.9,14.6,
XP_010060632.1:reversed,3.25,1,-1.2,9.44,29.2,
XP_010035048.2:reversed,3.27,1,-1.2,8.93,77.8,
XP_010052515.1,3.18,1,-1.2,8.58,19.1,
sp|SRPP_HEVBR|,2.82,1,-1.2,4.8,22.3, Small rubber particle protein; SRPP; 22 kDa rubber particle protein; 22 kDa RPP; 27 kDa natural rubber allergen; Latex allergen Hev b 3; Hev b 3; 
XP_010064573.1,2.81,1,-1.2,5.44,60.7,
KCW61286.1:reversed,2.68,1,-1.2,9.19,74.7,
XP_010048622.1:reversed,3.02,1,-1.2,5.73,25.5,
XP_010062999.1,2.79,1,-1.2,5.9,44.1,
XP_010043560.1:reversed,3.15,1,-1.2,5.72,80.9,
XP_018727614.1:reversed,3.31,1,-1.2,10.61,15.7,
XP_010035622.1,2.97,1,-1.2,8.76,53.5,
XP_010060772.1,2.89,1,-1.2,6.9,25.6,
XP_010052772.1:reversed,3.1,1,-1.2,9.12,58.2,
XP_010031461.1:reversed,3.09,1,-1.2,6.95,30.4,
KCW51847.1:reversed,2.56,1,-1.2,7.7,90,
XP_010053732.1:reversed,2.92,1,-1.2,6.11,98.5,
XP_018716874.1,3.11,1,-1.2,6.54,97.8,
XP_018733005.1,3.14,1,-1.2,6.2,213.6,
XP_010066857.1,3.03,1,-1.2,8.83,22.2,
XP_010030095.1,2.8,1,-1.2,9.56,28.2,
XP_018727579.1,2.62,1,-1.2,8.93,44,
XP_010029776.1:reversed,3.12,1,-1.2,5.94,33.7,
XP_010062498.2:reversed,2.87,1,-1.2,8.78,101.2,
XP_018725590.1:reversed,2.94,1,-1.2,6.15,38.5,
XP_010049978.1,3.06,1,-1.2,10.23,19,
XP_010052914.1,3.32,1,-1.2,9.49,39.9,
XP_010070078.1,3.08,1,-1.2,6.14,50.4,
XP_010051973.1,2.77,1,-1.2,7.47,70.5,
XP_018715658.1:reversed,2.7,1,-1.2,6.3,95.5,
XP_018716778.1:reversed,2.75,1,-1.2,7.78,49.4,
XP_010037863.1,2.81,1,-1.2,10.58,15.8,
XP_018717651.1:reversed,3.25,1,-1.2,5.5,28.6,
XP_010030507.1,2.95,1,-1.2,8.57,56.4,
XP_018727645.1:reversed,3.2,1,-1.2,8.73,19.6,
XP_018730964.1:reversed,3.26,1,-1.2,7.77,233.4,
XP_018719603.1:reversed,3.12,1,-1.2,7.88,12.3,
XP_010032513.1:reversed,2.55,1,-1.2,6.05,202,
XP_018731471.1,2.98,1,-1.2,8.86,35.4,
XP_010028411.1,3.08,1,-1.2,5.08,35.9,
XP_010032773.1,3.06,1,-1.2,5.58,91.3,
XP_010057912.1:reversed,3.09,1,-1.2,6.05,36.8,
XP_010048945.1,3.18,1,-1.2,8.81,35.8,
XP_010034468.1:reversed,2.97,1,-1.2,8.49,22.5,
KCW71685.1,2.92,1,-1.2,11.63,22.2,
XP_018729123.1:reversed,2.96,1,-1.2,8.82,48.9,
XP_010066355.1:reversed,2.88,1,-1.2,5.25,79.1,
KCW59812.1,2.63,1,-1.2,9,12.3,
XP_010050167.1:reversed,3.09,1,-1.2,6.13,45.4,
XP_010033636.1,2.94,1,-1.2,6.14,47.7,
XP_010030965.1:reversed,2.88,1,-1.2,5.38,41.8,
XP_010053367.1,3.09,1,-1.2,5.66,36.1,
XP_010037958.1:reversed,3.41,1,-1.2,6.64,40.9,
XP_018733115.1,2.73,1,-1.2,8.62,49.3,
XP_010048925.1:reversed,2.78,1,-1.2,6.03,130.4,
XP_010052301.1,2.89,1,-1.1,5.36,64.3,
XP_010060445.1:reversed,3.07,1,-1.1,6.72,38,
XP_010062102.1,2.94,1,-1.1,5.73,30.4,
XP_018719950.1:reversed,3.01,1,-1.1,8.36,82.1,
XP_010066572.1,3.13,1,-1.1,5.53,163.6,
XP_018727996.1,3.04,1,-1.1,8.41,84.4,
KCW45658.1,2.74,1,-1.1,6.22,92.3,
XP_010048719.1,2.74,1,-1.1,8.8,34.3,
XP_010042747.2:reversed,2.99,1,-1.1,6.59,118.5,
KCW45766.1,3.1,1,-1.1,6.43,21.1,
XP_010034099.1,3.06,1,-1.1,5.43,71.3,
XP_010033181.1:reversed,2.96,1,-1.1,5.37,90.1,
XP_010038766.1:reversed,3.31,1,-1.1,6.53,51.5,
KCW55163.1:reversed,3.29,1,-1.1,9.22,30.8,
XP_010040930.1,3.06,1,-1.1,9.32,12.1,
XP_010046656.1:reversed,2.7,1,-1.1,8.56,50.6,
XP_010039875.2,3.12,1,-1.1,9.65,31.6,
XP_010037093.1,3.25,1,-1.1,9.9,23.1,
XP_010059776.1,2.78,1,-1.1,8.38,44.1,
XP_018721571.1,3.09,1,-1.1,4.98,20.2,
XP_018720919.1,3.15,1,-1.1,6.28,304.6,
XP_010037784.1:reversed,2.85,1,-1.1,9.01,66.1,
XP_010044926.1:reversed,3.03,1,-1.1,5.59,64.4,
XP_010038022.1,3.22,1,-1.1,10.67,30,
XP_010053222.1:reversed,2.97,1,-1.1,6.72,12.2,
XP_010046528.1,3.22,1,-1.1,9.11,70.9,
XP_010031791.1,2.73,1,-1.1,8.15,72.7,
XP_010047151.1:reversed,3.19,1,-1.1,9.58,99.6,
XP_018726719.1:reversed,3.07,1,-1.1,8.29,45.6,
XP_018716629.1:reversed,2.87,1,-1.1,5.51,169.9,
XP_018725416.1:reversed,3.06,1,-1.1,9.52,44.5,
XP_018722581.1:reversed,3.08,1,-1.1,6.52,36.9,
XP_018720247.1,2.89,1,-1.1,8.25,52.2,
KCW61903.1,3.01,1,-1.1,9.23,16.1,no description available
XP_010025351.1,3.02,1,-1.1,6.24,73.8,
XP_010037785.1,3.19,1,-1.1,9.37,70,
XP_010066591.1,3.16,1,-1.1,6.88,22.2,
XP_010043416.1:reversed,2.98,1,-1.1,6.11,66.2,
XP_018728352.1,2.71,1,-1.1,9.32,19.1,
XP_010049027.1,3.05,1,-1.1,6.33,40.1,
XP_010048416.1,3.12,1,-1.1,8.29,25,
KCW46829.1,3.11,1,-1.1,9.44,56.9,
XP_018732831.1,2.86,1,-1.1,10.61,42.4,
XP_010047469.1:reversed,2.98,1,-1.1,9.03,80.6,
XP_018730382.1:reversed,3.06,1,-1.1,5.44,45.8,
XP_018726342.1:reversed,2.89,1,-1.1,6.03,52,
XP_010064246.1:reversed,3.1,1,-1.1,5.08,37,
XP_018731778.1,3.34,1,-1.1,7.05,72.6,
XP_010041837.1:reversed,3.11,1,-1.1,9.99,25.6,
XP_010029436.1:reversed,2.99,1,-1.1,6.19,241.4,
XP_010024333.1,3.24,1,-1.1,7.52,85.2,
XP_010025364.1,2.98,1,-1.1,5.82,48,
XP_010062133.1:reversed,3.08,1,-1.1,8.83,27.2,
XP_010056946.1:reversed,3.21,1,-1.1,4.23,9.1,
XP_010044149.1,3.06,1,-1.1,8.58,53.9,
XP_018725876.1,3.14,1,-1.1,8.5,39.1,
XP_010052252.1,2.81,1,-1.1,5.82,62.8,
KCW70630.1,3.22,1,-1.1,7.75,8,
XP_018729575.1:reversed,3.21,1,-1.1,8.86,79.9,
XP_018726818.1:reversed,3,1,-1.1,4.87,61.6,
XP_010044519.1:reversed,2.74,1,-1.1,9.75,33.8,
XP_010030776.1,3.13,1,-1.1,8.25,68.5,
XP_010068700.1,3.05,1,-1.1,4.53,99,
XP_010047158.1:reversed,2.93,1,-1.1,5.8,104.2,
XP_010060140.1:reversed,2.85,1,-1.1,9.33,55,
XP_010038071.1,3.1,1,-1.1,9.46,47.7,
XP_018721530.1,2.98,1,-1.1,5.17,59,
KCW72193.1,3.28,1,-1.1,6.8,8.2,
XP_010046955.1:reversed,3.17,1,-1.1,6.81,115.1,
XP_010067409.1:reversed,2.77,1,-1.1,9.14,43.5,
XP_010055658.1,3.19,1,-1.1,6.85,81.1,
XP_018715775.1,3.19,1,-1.1,5.88,81.2,
XP_018730416.1,3.06,1,-1.1,5.35,42.4,
XP_010048940.1:reversed,2.95,1,-1.1,6.04,63.4,
XP_018723596.1,2.94,1,-1.1,8.41,57.5,
XP_010031560.1:reversed,3.26,1,-1.1,5.23,41.4,
XP_010058059.1:reversed,2.85,1,-1.1,8.79,41.5,
XP_010024194.1,2.72,1,-1.1,7.16,30.7,
XP_010032637.1:reversed,2.93,1,-1.1,9.1,20.2,
XP_010049531.1,3,1,-1.1,6.07,31.3,
XP_010039103.1,3.02,1,-1.1,7.12,40.6,
KCW47003.1:reversed,3.02,1,-1.1,7.64,27.2,
XP_018731846.1,2.76,1,-1.1,5.17,63.3,
XP_010030012.1,3.06,2,-1.1,5.66,214.5,
XP_010040296.1,2.9,1,-1.1,4.85,15.8,
XP_010029831.1:reversed,2.94,1,-1.1,5.37,72.9,
XP_010064800.2,2.96,1,-1.1,9.15,19.7,
XP_010028929.1:reversed,2.97,1,-1.1,6.69,114.4,
XP_010029630.1,2.76,1,-1.1,8.49,97.7,
XP_010028190.1:reversed,2.85,1,-1.1,8.9,74.1,
XP_018715547.1:reversed,3.16,1,-1.1,6.63,71.7,
XP_010030377.1:reversed,2.87,1,-1.1,6.72,43.7,
XP_010056109.1:reversed,2.75,1,-1.1,5.71,41.6,
KCW51875.1,2.84,1,-1.1,6.43,105.8,
XP_010043985.1:reversed,2.94,1,-1.1,7.52,209.6,
KCW73326.1:reversed,3.25,1,-1.1,6.2,52.4,
XP_010041232.1:reversed,2.79,1,-1.1,8.45,20.5,
XP_010058480.1:reversed,2.62,1,-1.1,6.61,55.4,
XP_018732262.1:reversed,3.18,1,-1.1,6.58,39.9,
XP_018729778.1:reversed,2.7,1,-1.1,9.1,19.1,
XP_010054059.1:reversed,3.15,1,-1.1,7.71,157.5,
XP_010051553.1,2.78,1,-1.1,5.38,17.6,
XP_010053821.1,3.06,1,-1.1,5.83,58.4,
XP_010031571.1,2.86,1,-1.1,6.01,65.9,
XP_010036085.1,2.85,1,-1.1,6.48,45.5,
XP_018732738.1:reversed,3.27,1,-1.1,5.73,64.2,
KCW62939.1,2.85,1,-1.1,6.73,120.2,no description available
XP_010067505.1,2.71,1,-1.1,9.49,37.9,
XP_010056643.2,2.97,1,-1.1,5.52,45.3,
XP_018725102.1:reversed,2.96,1,-1.1,6.41,79,
KCW61452.1:reversed,2.82,1,-1.1,11.93,10.4,
XP_010039275.1,3.17,1,-1.1,5.77,33.4,
XP_010031270.1:reversed,2.76,1,-1.1,9.49,28.5,
XP_010038997.1,2.97,1,-1.1,7.77,15.4,
AAF22248.1:reversed,3.25,1,-1.1,8.11,33.8,
KCW56881.1,3.03,1,-1.1,6.24,112,
XP_010039038.1,3.11,1,-1.1,5.79,39.4,
XP_010069099.1,2.84,1,-1.1,6.56,49.1,
XP_010033867.1:reversed,2.71,1,-1.1,5.58,35.5,
XP_010054838.1,2.97,1,-1.1,5.25,100.4,
XP_010029578.1,2.73,1,-1.1,8.39,22.3,
XP_018730056.1,2.64,1,-1.1,5.73,64.5,
KCW89020.1:reversed,3.12,1,-1.1,5.87,121.8,
XP_010059396.1:reversed,2.81,1,-1.1,8.75,31.2,
XP_018716442.1,2.99,1,-1.1,5.98,44.7,
XP_010068870.1:reversed,3.12,1,-1.1,8.96,68.6,
KCW51650.1,2.58,1,-1.1,8.71,8.1,
ADO23642.1:reversed,2.85,1,-1.1,5.36,45.5,
XP_010066260.1:reversed,2.96,1,-1.1,4.83,132.7,
XP_010043556.1,3.21,1,-1.1,5.56,7.5,
XP_010044651.1,2.97,1,-1.1,6.6,83.7,
XP_010058877.1:reversed,3.23,1,-1.1,8.32,35.2,
XP_010033025.1,2.87,1,-1.1,9.18,30.6,
XP_010031343.1:reversed,2.81,1,-1.1,9.84,45.5,
XP_010053174.1:reversed,2.96,1,-1.1,6.96,68.8,
XP_018727572.1:reversed,2.86,1,-1.1,6.41,99.4,
XP_010033123.1,2.52,1,-1.1,9.86,28.3,
XP_010056898.1:reversed,3.06,1,-1.1,5.46,112.9,
XP_010057806.1,3,1,-1.1,5.79,39.8,
XP_018729018.1:reversed,3.31,1,-1.1,5.74,49.7,
XP_010061554.1,2.87,1,-1.1,5.18,109.8,
KCW87897.1,2.83,1,-1.1,9.27,20.7,
XP_010070487.1,3,1,-1.1,8.4,49.8,
XP_010066829.1:reversed,3.07,1,-1.1,5.11,92.8,
XP_010063409.1:reversed,2.92,1,-1.1,5.32,229.5,
XP_010059043.1:reversed,2.73,1,-1.1,8.09,131.9,
XP_018731602.1:reversed,2.87,1,-1.1,8.6,175.6,
XP_010070484.1:reversed,3.07,1,-1.1,8.77,59.8,
XP_018726797.1,3.11,1,-1.1,6.17,123.4,
XP_010028369.1,3.2,1,-1.1,9.12,42.6,
XP_010041564.1:reversed,3.2,1,-1.1,8.82,41.8,
XP_018718699.1,3.08,1,-1.1,8.64,40.6,
XP_018720405.1,2.99,1,-1.1,5.61,205.3,
KCW73627.1:reversed,2.95,1,-1.1,5.73,39.9,
XP_010048453.1,3.33,1,-1.1,5.38,29.7,
XP_010063163.1,2.89,1,-1.1,10,36.7,
XP_010036191.1,3.16,1,-1.1,9.42,31.4,
XP_018720991.1:reversed,2.98,1,-1.1,5.51,101.1,
XP_018715349.1,3.07,1,-1.1,7.2,69.9,
XP_010063050.1:reversed,3.11,1,-1.1,6.83,164.8,
XP_010043861.1:reversed,3.08,1,-1.1,8.98,51.9,
XP_018716067.1,2.92,1,-1.1,10.45,51.9,
XP_010068689.1,3.05,1,-1.1,7.06,96.3,
XP_018725747.1,3.02,1,-1.1,6.29,110.5,
KCW70483.1:reversed,2.64,1,-1.1,11.62,13.4,
XP_010033750.1:reversed,3.05,1,-1.1,8.5,61.6,
XP_018731786.1,2.91,1,-1.1,5.84,52.4,
XP_018725070.1,3.02,1,-1.1,8.96,96.6,
XP_010032739.1,2.84,1,-1.1,9,27,
XP_018731510.1:reversed,2.98,1,-1.1,5.35,122.7,
XP_010064889.2:reversed,3.06,1,-1.1,6.42,59.1,
XP_018718713.1:reversed,2.82,1,-1.1,11.08,24,
XP_010067123.1:reversed,2.82,1,-1.1,6.53,107.7,
XP_010049375.1:reversed,2.72,1,-1.1,6.3,125.1,
XP_010047611.1,3.12,1,-1.1,5.8,26.4,
XP_010070166.1,3.13,1,-1.1,5.39,41.6,
XP_018715947.1:reversed,2.82,1,-1.1,5.4,111.6,
XP_010024432.1,2.91,1,-1.1,5.28,26,
KCW75830.1,2.65,1,-1.1,6.63,94.5,
XP_010067124.1:reversed,3.35,1,-1.1,6.2,16.6,
XP_018728702.1:reversed,2.81,1,-1.1,11.41,30.2,
XP_018720903.1:reversed,2.85,1,-1.1,8.1,87.8,
XP_010040810.1,3.08,1,-1.1,9.13,46,
XP_010040159.2,2.97,1,-1.1,6.97,76.1,
XP_010066914.1,2.57,1,-1.1,11.6,13.7,
XP_018729279.1,2.88,1,-1.1,6.11,120.5,
KCW49882.1:reversed,3.19,1,-1.1,8.91,17,
XP_018732742.1,2.85,1,-1.1,9.21,19.5,
KCW66606.1,3.15,1,-1.1,9.87,22.4,
KCW80677.1,2.82,1,-1.1,7.21,87.5,
XP_010065483.1:reversed,2.64,1,-1.1,9,59.5,
XP_010023395.2:reversed,3.25,1,-1.1,5.75,94.7,
XP_010031910.1,3.21,1,-1.1,8.74,45.6,
KCW83803.1:reversed,2.97,1,-1.1,5.88,91.4,
XP_018716910.1,3.09,1,-1.1,6.64,213.9,
XP_018731140.1:reversed,2.93,1,-1.1,6.5,58.3,
XP_010032215.1:reversed,2.62,1,-1.1,9.67,37.4,
XP_010027263.1:reversed,3.2,1,-1.1,4.94,49.3,
XP_018718424.1,2.89,1,-1.1,7.69,50,
XP_010026875.1,2.94,1,-1.1,6.47,43.7,
XP_010029681.1,3.07,1,-1.1,8.86,61,
XP_010029813.1,3.15,1,-1.1,6.14,68.8,
KCW63929.1:reversed,3.09,1,-1.1,9.1,12.8,
XP_010066594.1,2.72,1,-1.1,8.16,16.9,
XP_018718015.1,3.18,1,-1.1,7.54,151.7,
XP_010061812.1,2.69,1,-1.1,6.63,32.8,
XP_018730440.1:reversed,2.96,1,-1.1,6.74,98.3,
XP_010045864.1:reversed,3.1,1,-1.1,5.2,89.2,
XP_010044977.1:reversed,2.51,1,-1.1,7.81,83,
XP_010055741.1:reversed,2.94,1,-1.1,8.55,36.7,
XP_018730940.1,2.67,1,-1.1,6.98,46.3,
XP_010040241.1,2.66,1,-1.1,8.14,59.1,
XP_018727520.1,2.88,1,-1.1,6.39,35.6,
KCW78554.1:reversed,3.09,1,-1.1,5.57,29.5,
XP_018727334.1,2.97,1,-1.1,9.06,52.6,
XP_010037698.1,3.03,1,-1.1,6.02,32.8,
XP_018726592.1:reversed,2.99,1,-1.1,6.71,78.2,
XP_010068770.1,3.04,1,-1.1,8.85,27.6,
XP_018729278.1:reversed,2.93,1,-1.1,5.84,119.6,
XP_010066569.1,3.24,1,-1.1,5.9,20.3,
